10083,1959-07-23,Vishv,Zockler,M,1987-03-31
11081,1952-06-20,Barry,Boyle,M,1985-06-17
11610,1962-07-17,Eirik,Sidhu,M,1985-10-18
10864,1958-01-07,Elliott,Spieker,F,1985-09-04
11080,1956-12-27,Sanjai,Puppe,M,1988-07-04
11978,1964-08-24,Aran,Khalid,F,1989-08-10
10225,1957-02-13,Kellie,Chinen,F,1986-06-19
11114,1955-09-08,Tse,Felcyn,M,1989-10-14
10523,1956-05-16,Malu,Skafidas,M,1988-12-28
11758,1958-01-27,Jinpo,Gerlach,M,1993-10-03
10380,1956-05-25,Alejandro,Kamble,F,1985-03-19
10087,1959-07-23,Xinglin,Eugenio,F,1986-09-08
10779,1961-07-09,Mori,Yavatkar,F,1988-01-11
11990,1964-11-24,Chanjung,Matheson,M,1988-09-05
11520,1958-01-01,Pranas,Jervis,F,1991-11-20
10460,1963-02-19,Shushma,VanScheik,M,1994-07-01
11296,1954-12-24,Hironobu,Kenevan,M,1989-09-26
10623,1953-07-11,Aleksander,Danlos,F,1987-03-07
10164,1956-01-19,Jagoda,Braunmuhl,M,1985-11-12
10746,1958-12-29,Kolar,Usery,F,1990-08-31
10888,1959-03-15,Kwangho,Dredge,F,1987-06-28
10167,1958-05-23,Duangkaew,Rassart,M,1992-04-04
10120,1960-03-26,Armond,Fairtlough,F,1996-07-06
11390,1962-03-22,Masali,Ambroszkiewicz,M,1990-12-19
11055,1956-08-10,Shaleah,Neiman,M,1995-05-25
11113,1953-04-28,Shahab,Peng,F,1985-11-30
10466,1954-12-25,Jiakeng,Himler,M,1985-09-29
11698,1959-04-10,Arun,Azevdeo,M,1991-06-28
11224,1959-11-12,Hugo,Mitzlaff,F,1988-05-01
10927,1953-03-13,Gal,Scallan,M,1985-10-26
10963,1957-04-15,Hatsukazu,Swist,M,1988-01-14
11886,1957-12-26,Snehasis,Veevers,M,1994-10-02
11588,1952-07-20,Kaijung,Panangaden,X,1986-10-13
11755,1954-08-16,Zhenbing,Karner,F,1990-12-05
10472,1959-08-20,Salvador,Lodder,M,1996-07-29
11653,1963-05-06,Mohammed,Ananiadou,F,1993-02-26
11514,1963-08-17,Georgy,Iwayama,M,1988-07-30
10540,1961-02-24,Martins,Barriga,M,1994-05-03
11129,1964-08-17,Goncalo,Pulkowski,M,1993-10-26
11225,1963-04-25,Maria,Schicker,M,1990-09-11
11529,1962-04-03,Heejo,Langford,M,1988-03-04
10084,1960-05-25,Tuval,Kalloufi,M,1995-12-15
10483,1957-03-13,Zhiwei,Anick,M,1992-11-08
11159,1960-05-28,Becky,Schlenzig,F,1986-08-31
11598,1964-06-07,Sariel,Ertl,M,1994-04-02
11716,1962-01-24,Anneli,Leijenhorst,F,1986-04-17
11175,1963-06-30,Aksel,Rajaraman,M,1991-03-15
11721,1961-02-22,Xuejun,Heydon,F,1990-11-30
10213,1964-05-24,Jackson,Kakkad,M,1992-11-06
11047,1959-03-11,Heping,Gluchowski,F,1995-07-19
10230,1955-09-11,Clyde,Vernadat,M,1996-06-16
10904,1959-08-28,Debatosh,Colorni,F,1993-04-16
10082,1963-09-09,Parviz,Lortz,M,1990-01-03
10853,1964-03-22,Yoshinari,Kalloufi,F,1993-05-03
10303,1961-09-11,Marlo,Zschoche,M,1990-02-05
10729,1961-05-24,Percy,Lorho,F,1986-04-20
11042,1955-07-13,Gou,Breugel,F,1988-06-26
10239,1955-03-31,Nikolaos,Llado,X,1995-05-08
10069,1960-09-06,Margareta,Bierman,F,1989-11-05
10793,1960-08-27,Oksana,Roisin,F,1987-10-02
10891,1963-12-15,Susanne,Jiang,F,1990-12-07
10030,1958-07-14,Elvis,Demeyer,M,1994-02-17
11999,1961-09-17,Apostol,Rabehasaina,F,1986-01-16
11947,1957-10-27,Kiyomitsu,Lortz,X,1995-10-24
11871,1953-05-02,Nalini,Sommen,M,1988-01-23
10501,1962-09-09,Susuma,Larfeldt,M,1987-04-20
11036,1962-09-04,Muzhong,Greenaway,M,1987-09-02
11990,1964-11-24,Chanjung,Matheson,M,1988-09-05
11734,1963-07-28,Ramya,Baezner,F,1990-04-30
11565,1963-09-02,Yoshinari,Sankaranarayanan,M,1988-02-03
11229,1953-10-20,Gretta,Ramamoorthy,M,1991-07-26
10781,1958-09-19,Patricio,Leuchs,M,1991-02-04
11187,1957-05-02,Koldo,Makinen,M,1985-09-02
11539,1957-12-17,Yechiam,Zaumen,M,1993-05-15
10596,1954-01-24,Sanjit,Coors,M,1995-04-01
10619,1961-04-27,Vivian,Kusakabe,M,1989-03-24
10624,1955-12-19,Sham,Gyorkos,F,1990-05-07
11259,1960-01-13,Amalendu,Gronowski,X,1986-12-26
10922,1953-10-27,Kyoichi,Wossner,M,1992-08-09
11276,1957-03-10,Yunming,Cappelletti,M,1988-03-12
11273,1961-09-12,Make,Guting,X,1987-10-07
10221,1957-01-03,Yucai,Granlund,M,1988-06-08
11238,1962-12-28,Kwan,Chenoweth,M,1988-09-24
10237,1952-09-22,Yannis,Mandell,F,1989-08-11
11599,1958-03-23,Deniz,Ashish,M,1989-03-13
11543,1959-07-21,Takahiro,Krohm,M,1987-04-01
10395,1952-02-17,Takahiro,Deverell,M,1987-02-04
11960,1960-01-15,Moss,Flasterstein,M,1988-07-28
10845,1960-12-24,Hidde,Tasistro,F,1988-06-30
10383,1963-11-13,Leucio,Aumann,M,1991-06-19
10182,1961-02-04,Moriyoshi,Merey,F,1990-09-02
10149,1953-05-20,Xiadong,Perry,F,1986-11-05
10151,1959-03-06,Itzchak,Lichtner,M,1990-04-10
11480,1960-09-13,Masoud,Itschner,F,1990-03-13
11636,1955-06-16,Fumitaka,Shiratori,M,1992-11-16
11875,1959-02-13,Luisa,Sambasivam,F,1992-07-25
10783,1963-11-13,Moty,Kenevan,M,1994-05-15
11739,1958-12-09,Venkatesan,Serot,F,1985-02-10
10974,1952-03-07,Muneo,Papsdorf,M,1985-11-25
10608,1955-07-11,Adhemar,Talmor,F,1986-05-25
10560,1960-05-01,Yinlin,Esteva,F,1988-09-28
10161,1953-04-06,Hairong,Mellouli,X,1988-04-03
10299,1960-06-21,Ipke,Stentiford,F,1990-01-10
11979,1962-10-09,Abdulah,Akazan,F,1994-09-08
10243,1960-12-22,Wonhee,Pouyioutas,M,1985-11-24
10157,1954-04-23,Nigel,Aloisi,M,1985-11-02
11280,1964-01-04,Lillian,Restivo,F,1989-08-07
10585,1963-11-10,Sajjad,Willoner,F,1986-01-05
11925,1956-04-15,Feiyu,Pashtan,M,1996-06-02
11974,1963-10-13,Vojin,Sabnani,M,1989-07-23
10837,1957-02-06,Chuanti,Karlin,M,1986-01-14
10911,1959-07-22,Shay,Casley,M,1988-06-25
10899,1962-05-11,Valery,Rousseau,F,1989-10-06
11027,1955-12-13,Remzi,Cappello,M,1986-05-07
10014,1956-02-12,Berni,Genin,M,1987-03-11
11460,1955-11-19,Mana,Maraist,M,1992-03-14
10255,1964-02-08,Roddy,Garnick,M,1993-05-12
10235,1958-03-27,Susanta,Roccetti,F,1995-04-06
10356,1952-08-12,Vasilis,Standera,M,1988-08-06
10106,1952-08-29,Eben,Aingworth,M,1990-12-19
10052,1961-02-26,Heping,Nitsch,M,1988-05-21
11838,1955-04-13,Taiji,Nitta,M,1985-09-29
11611,1956-09-24,Annemarie,Mateescu,F,1986-12-02
11648,1959-09-26,Gill,Ponthieu,M,1992-02-15
11013,1961-03-31,Breannda,Vesel,M,1996-09-13
11088,1956-11-14,Sadun,Hennings,M,1989-08-25
11526,1954-04-19,Tonny,Impagliazzo,M,1992-02-23
10691,1957-11-18,Denny,Setia,M,1989-09-17
11688,1958-09-04,Denis,Coullard,F,1994-10-29
11049,1963-02-12,Gift,Apsitis,F,1995-05-12
11108,1962-04-15,Danae,Grabner,F,1992-06-12
10441,1958-04-27,Adel,Perfilyeva,M,1988-07-12
11662,1963-04-25,Mokhtar,Hofting,M,1985-10-05
10611,1964-05-11,Karsten,Blokdijk,M,1989-09-16
10825,1958-03-27,Fan,Fairtlough,M,1985-12-30
11733,1954-05-25,Leszek,Sudbeck,F,1992-01-12
10079,1961-10-05,Kshitij,Gils,F,1986-03-27
10961,1957-03-28,Weiwu,Choobineh,M,1986-05-14
10289,1956-11-30,Shay,Poulakidas,M,1990-06-06
11627,1964-09-24,Zeljko,Schreiter,M,1991-11-01
10278,1955-03-09,Lubomir,Nitsch,M,1991-05-17
11631,1960-11-18,Kristin,Malinowski,M,1992-04-14
10798,1961-07-18,Elliott,Bednarek,M,1992-02-09
10745,1953-10-23,Poorav,Ranze,F,1987-05-26
10111,1963-08-29,Hugo,Rosis,F,1988-06-19
11892,1960-09-01,Tesuro,Lorys,M,1993-08-09
10420,1963-03-03,Kaijung,Riesenhuber,M,1988-01-17
11024,1954-06-17,Manton,Collavizza,M,1995-04-05
10365,1958-04-28,Rosine,Granlund,X,1987-06-02
11146,1954-06-25,Ishfaq,Masand,F,1988-03-21
10995,1963-02-26,Chenye,Hertweck,F,1997-07-19
11772,1954-06-19,Gaurav,Penz,F,1987-12-04
11241,1956-09-23,Yolla,Clemencon,M,1997-08-12
10428,1957-06-25,Cathie,Brlek,M,1992-06-04
10179,1961-11-25,Deniz,Duclos,F,1990-10-04
11135,1958-09-14,Xinyu,Mellouli,X,1991-10-22
10628,1954-04-18,Krisda,Krogh,M,1985-09-11
11643,1957-12-09,Gila,Redmiles,M,1993-12-17
11795,1960-12-15,Herbert,Erman,F,1992-03-24
11462,1959-01-28,Chikara,Maginnis,M,1990-04-27
10260,1961-07-14,Alper,Suomi,F,1991-04-13
10817,1958-10-02,Uri,Rullman,F,1990-12-26
11728,1961-09-29,Serge,Makrucki,M,1987-12-01
11642,1956-06-23,Dmitri,Verhoeff,M,1991-12-01
10165,1960-06-16,Miyeon,Macedo,M,1988-05-17
10100,1953-04-21,Hironobu,Haraldson,F,1987-09-21
10755,1962-06-10,Odysseas,Ressouche,M,1988-06-16
11057,1959-02-13,Adly,Vural,M,1996-07-12
11121,1953-02-13,Vugranam,Kakkad,F,1987-02-21
10156,1964-09-19,Sumali,Fargier,M,1985-03-10
10109,1958-11-25,Mariusz,Prampolini,F,1993-06-16
11398,1953-05-30,Oscar,Peir,M,1986-08-23
11214,1961-03-03,Elgin,Ibel,F,1991-11-25
11069,1960-06-21,Pragnesh,Luff,F,1988-08-29
11569,1959-08-29,Kasidit,Geffroy,F,1986-10-06
11744,1964-10-07,Felicidad,Auria,F,1989-08-23
11072,1961-04-10,Arfst,Pulkowski,M,1985-12-27
11585,1959-05-28,Chaitali,Vandervoorde,M,1994-10-13
11908,1957-09-13,Candida,Iisaku,F,1985-10-16
11021,1954-07-13,Srinidhi,Henders,F,1985-05-24
10843,1961-09-05,Honesty,Smeets,M,1990-04-26
11437,1956-07-18,Supot,Vidya,M,1991-08-12
10747,1955-02-02,Falguni,Khalid,M,1990-10-08
11286,1964-12-04,Joydip,Gini,F,1988-02-16
10024,1958-09-05,Suzette,Pettey,F,1997-05-19
10189,1955-11-12,Khalid,Erva,M,1989-10-05
10537,1962-06-29,Stella,Benzmuller,M,1996-09-25
11548,1962-11-13,Nahid,Leuchs,M,1986-05-16
11760,1959-03-30,Along,Miake,F,1985-09-15
10997,1959-08-30,Alselm,Parascandalo,F,1994-05-06
10517,1953-06-18,Tiina,Speek,M,1990-12-25
11869,1955-09-14,Fumino,Luca,F,1996-08-12
11410,1953-11-27,Gro,Vendrig,M,1997-07-13
10074,1955-08-28,Mokhtar,Bernatsky,F,1990-08-13
11524,1955-10-26,Xiadong,Standera,M,1988-09-20
11161,1957-01-30,Ung,Ashish,M,1988-05-31
11481,1961-04-17,Sven,Schrooten,M,1986-11-03
10417,1964-02-02,Bingning,Bakhtari,M,1992-03-12
10180,1956-01-29,Shaw,Wendorf,M,1986-02-25
11478,1962-03-18,Nidapan,Ginneken,M,1993-08-29
10148,1957-10-04,Douadi,Azumi,M,1995-10-10
11665,1959-04-04,Fai,Linnainmaa,M,1989-05-01
11912,1964-08-15,Kristian,Giaccio,M,1985-11-13
11261,1963-09-05,Claudi,Demri,F,1987-12-06
10018,1954-06-19,Kazuhide,Peha,F,1987-04-03
11018,1960-08-02,Berthier,Luby,F,1988-07-03
11034,1961-10-23,Moti,Shrader,F,1993-01-01
11345,1964-08-11,Youngkon,Maierhofer,M,1985-03-30
11949,1953-01-27,Martijn,Harbusch,M,1985-03-11
10992,1958-11-26,Zhensheng,Juneja,X,1988-08-01
10507,1964-02-18,Kasidit,Belinskaya,M,1985-04-26
11028,1952-02-23,Miyeon,Krider,M,1986-06-18
11290,1953-05-07,Visit,Dredge,M,1985-09-08
11205,1962-02-05,Tayeb,Ebeling,M,1993-08-23
11263,1961-09-09,Kwangjo,Fiebach,M,1989-08-15
10020,1952-12-24,Mayuko,Warwick,M,1991-01-26
10140,1957-03-11,Yucel,Auria,F,1991-03-14
10154,1957-01-17,Abdulah,Thibadeau,F,1990-12-12
11325,1952-02-06,Samphel,Rossi,F,1999-01-10
10489,1958-08-24,Elvia,Homond,M,1989-09-10
10361,1961-04-22,Seshu,Sidou,F,1986-10-23
10923,1957-04-29,Younwoo,Maquelin,X,1990-04-09
11929,1959-05-18,Kendra,Beeson,F,1989-04-12
11894,1954-12-23,Mitchel,Validov,M,1988-06-22
11399,1958-04-02,Luisa,Plotkin,M,1985-02-09
11709,1959-04-11,Insup,Wossner,M,1985-11-09
10465,1963-03-13,Claudi,Shackel,M,1987-09-01
10304,1956-03-07,Bernt,Erie,M,1992-11-16
11956,1958-03-31,Mokhtar,Maccarone,M,1991-08-15
10050,1958-05-21,Yinghua,Dredge,M,1990-12-25
11243,1955-06-14,Udi,Desikan,F,1994-12-08
11866,1956-06-20,Bojan,Gihr,M,1988-09-11
10881,1959-06-13,Katsuo,Miake,M,1996-04-18
10511,1963-06-18,Khoa,Marrevee,M,1992-01-27
11045,1957-04-28,Chikako,Schueller,F,1985-08-09
10982,1964-02-27,Yishay,Decleir,M,1989-11-11
10695,1962-08-30,Zorica,Acton,M,1989-08-05
11392,1956-01-27,Fatemeh,Reeken,M,1997-02-12
11142,1964-11-19,Moheb,Raney,X,1985-07-13
11214,1961-03-03,Elgin,Ibel,F,1991-11-25
11116,1960-06-08,Sverrir,Milicic,M,1992-10-23
10973,1961-10-02,Valdiodio,Raczkowsky,M,1989-03-05
10351,1963-08-23,Tadahiko,Strehl,F,1985-03-07
11176,1964-12-06,Mingzeng,Heinisuo,M,1985-06-15
11226,1961-05-18,Margareta,Akiyama,F,1986-07-13
11897,1952-11-23,Cordelia,Setlzner,M,1987-12-27
11436,1961-02-25,Christfried,Lindqvist,M,1995-08-29
10815,1960-11-12,Renny,Pramanik,M,1994-04-19
10795,1954-12-14,Supot,Naudin,M,1985-05-21
11385,1952-03-04,Shiv,Ullian,M,1988-05-22
10201,1956-12-15,Idoia,Kavraki,F,1986-11-22
11344,1956-01-31,Paddy,Gulak,M,1990-05-10
10769,1962-11-02,Vishv,Bouloucos,M,1987-08-16
10711,1963-06-20,Arvind,DuBourdieux,F,1991-06-21
10086,1962-11-19,Somnath,Foote,M,1990-02-16
11826,1964-02-20,Carrsten,Rotem,M,1988-07-06
10844,1954-02-03,Dipayan,Koprowski,M,1987-03-03
11279,1960-12-05,Masanao,Ranft,M,1989-08-01
11456,1958-07-21,Anyuan,Seuren,F,1998-12-05
10345,1960-12-13,Arra,Ratnakar,M,1993-11-08
10142,1956-08-29,Tzvetan,Hettesheimer,M,1993-10-28
10553,1964-02-08,Rajmohan,Wallrath,F,1985-10-27
10884,1958-03-07,Teunis,Kleiser,F,1993-04-15
10360,1960-11-04,Irene,Munck,M,1996-09-04
10633,1957-02-09,Sorina,Herber,M,1985-06-17
10146,1959-01-12,Chenyi,Syang,M,1988-06-28
11674,1959-10-29,Dzung,Gyimothy,M,1987-02-03
11192,1952-09-06,Apostol,Bahr,M,1991-09-30
11686,1952-11-14,Nadjib,Srimani,F,1989-10-14
10063,1952-08-06,Gino,Leonhardt,F,1989-04-08
10369,1957-01-08,Qunsheng,Toyoshima,M,1986-05-17
11675,1964-06-10,Slavian,Pettit,M,1986-10-07
10669,1956-05-30,Yurij,Iisaka,F,1995-06-09
10903,1958-06-04,Visit,Nyanchama,M,1989-02-14
10807,1964-06-23,Munehiro,Zallocco,X,1986-10-23
11958,1960-09-10,KayLiang,Leivant,F,1987-12-03
10512,1955-11-16,Udi,Gihr,M,1986-01-12
11461,1955-04-18,Kish,Cronau,M,1986-08-19
10714,1960-09-28,Aran,Sadowsky,M,1997-03-11
11545,1962-08-01,Bartek,Lieblein,F,1986-09-19
11383,1964-02-22,Billur,Herbst,M,1992-03-18
11759,1962-02-01,Feixiong,Cincotta,M,1988-04-30
10124,1962-05-23,Geraldo,Marwedel,M,1991-09-05
11124,1963-07-12,Gladys,Porenta,M,1990-04-16
10043,1960-09-19,Yishay,Tzvieli,M,1990-10-20
10865,1961-03-16,Danco,Etalle,M,1991-04-19
11209,1964-06-25,Xuejun,Penn,M,1997-09-06
10403,1956-04-01,Atreyi,Mungall,F,1991-09-13
10894,1958-08-21,Suebskul,Srimani,F,1991-07-18
11883,1952-05-27,Nectarios,Bhattacharjee,F,1988-04-16
10250,1958-08-12,Serap,Etalle,M,1992-08-30
10726,1954-01-11,Zita,Minakawa,F,1985-09-01
10122,1965-01-19,Ohad,Esposito,M,1992-12-23
11352,1961-09-26,Toney,Terekhov,X,1985-11-25
10288,1959-06-02,Selwyn,Perri,M,1994-08-29
11137,1955-03-17,Hugh,Luca,X,1986-07-31
11609,1964-08-27,Sigeru,Marrakchi,M,1991-08-03
11318,1964-09-09,Gopalakrishnan,Unno,F,1986-01-25
10418,1952-06-29,Candida,Porotnikoff,F,1989-04-20
11125,1959-02-27,Munir,Spieker,M,1988-02-26
11357,1958-05-25,Radoslaw,Azevdeo,M,1993-05-15
11168,1953-05-03,Shmuel,Tetzlaff,F,1996-07-15
11617,1958-12-04,Masaki,Peroz,X,1987-06-29
11221,1953-11-29,Alselm,Hammerschmidt,M,1989-08-22
11660,1955-07-19,Gill,Stenning,F,1986-11-22
11060,1953-06-30,Genevieve,Pokrovskii,F,1991-05-03
10773,1960-07-11,Avishai,Bahr,F,1985-12-01
10524,1959-05-02,Shigehiro,Cincotta,F,1985-10-09
10248,1955-09-24,Frederique,Tempesti,F,1991-08-13
11186,1953-07-15,Kshitij,Stasinski,M,1994-12-10
11030,1956-06-12,Kwan,Hellwagner,F,1988-05-09
10567,1957-05-21,Dietrich,Journel,M,1992-10-18
10275,1961-10-22,Marek,Luck,F,1987-09-08
10959,1956-06-19,Kerryn,Vigier,M,1994-03-01
10144,1959-06-17,Marla,Brendel,M,1985-10-14
10581,1956-11-20,Odinaldo,Prochazka,F,1988-02-09
11133,1955-12-13,Nalini,Azulay,M,1988-02-04
10600,1963-08-17,Emran,Rettelbach,F,1985-12-22
11253,1952-09-11,Koldo,Pokrovskii,M,1992-05-22
11672,1959-04-28,Munir,Businaro,M,1987-12-02
10090,1961-05-30,Kendra,Hofting,M,1986-03-14
11420,1955-04-30,Tsutomu,Lalonde,F,1992-01-31
10549,1957-03-20,Beshir,Kisuki,M,1995-10-26
10316,1958-06-20,Christoper,Schwaller,M,1987-09-04
10183,1954-10-17,Mechthild,Bonifati,X,1996-08-11
10953,1956-06-23,Jahangir,Laventhal,F,1987-02-12
10840,1961-04-26,Mohammad,Koshino,M,1993-06-04
10661,1956-04-07,Ottavia,Giarratana,F,1988-01-12
11741,1962-05-27,Valeri,Vigier,F,1989-02-04
11651,1961-02-13,Guoxiang,Giveon,M,1987-08-09
11381,1960-09-06,Shir,Vural,M,1991-08-12
11904,1962-07-05,DeForest,Flasterstein,M,1993-06-06
11369,1961-10-01,Alair,Camarinopoulos,F,1991-08-05
10789,1964-05-19,Aruna,Journel,F,1987-02-02
11834,1962-05-20,Mana,Wegerle,F,1990-04-04
10217,1954-07-07,Yongmin,Roison,F,1986-05-12
10219,1952-05-02,Genta,Kolvik,X,1993-03-31
11663,1957-11-08,Maria,Trumbly,F,1987-09-11
10306,1953-06-02,Heng,Kilgour,M,1993-09-06
10666,1964-10-03,Zhonghua,Reeker,M,1989-05-20
10112,1963-08-13,Yuichiro,Swick,F,1985-10-08
10706,1959-10-11,Gonzalo,Eldridge,M,1989-12-17
10344,1957-07-24,Uwe,Garnier,F,1994-06-25
11041,1964-01-12,Stamatina,Matheson,M,1985-08-12
11333,1960-06-19,Heon,Slobodova,M,1988-02-14
11349,1953-09-05,Yurii,Hammerschmidt,M,1992-06-27
11602,1953-08-09,Somnath,Malabarba,M,1993-06-21
10768,1955-06-24,Ishfaq,Candan,M,1985-07-04
11776,1961-10-20,Giordano,Zaccaria,F,1986-11-05
10474,1962-02-24,Kenton,Garnham,F,1985-09-28
10387,1952-11-03,Parto,Wrigley,F,1987-02-19
11512,1962-09-24,Nidapan,Hagimont,F,1987-09-01
10777,1955-08-11,Mizuhito,Kemmerer,F,1988-07-05
11888,1952-04-05,Badri,Azulay,M,1994-11-28
11493,1957-02-13,Shen,Sevcikova,M,1995-07-22
10896,1964-04-12,Adil,Taubenfeld,M,1994-10-08
11320,1954-04-13,Atilio,McAlpine,M,1987-11-24
11171,1961-12-01,Yuguang,Passino,F,1992-10-04
10504,1953-04-07,Xiong,Varker,M,1988-12-03
11970,1958-12-06,Toong,Marrakchi,M,1985-05-24
11305,1960-12-22,Augustine,Schwabacher,F,1986-04-11
11633,1959-06-09,Kazuyasu,Teitelbaum,F,1991-08-27
10615,1955-08-30,Keung,Delgrande,M,1996-03-10
11476,1954-06-20,Manton,Yoshizawa,F,1994-01-15
10677,1963-02-20,Alejandra,Perng,F,1996-10-07
11458,1958-08-09,Stevo,Chenoweth,F,1985-10-06
11079,1952-09-18,Piyush,Garigliano,M,1993-10-09
10830,1954-08-17,Fen,Fiebach,M,1991-08-24
10610,1955-06-24,Irena,Roccetti,F,1996-04-11
11930,1962-01-03,Shai,Radivojevic,F,1991-01-14
12001,1960-11-06,Ulf,Hofstetter,F,1989-03-10
10040,1959-09-13,Weiyi,Meriste,F,1993-02-14
10480,1965-01-25,Make,Baba,F,1988-05-18
11396,1955-02-06,Anneke,Servieres,F,1997-02-04
10756,1958-06-24,Paddy,Brizzi,M,1995-11-21
10026,1953-04-03,Yongqiao,Berztiss,M,1995-03-20
10705,1963-06-17,Hironobu,Wynblatt,M,1990-07-18
10440,1959-04-10,Akeel,Narahara,F,1994-03-31
11102,1959-03-14,Bernardo,Carrera,M,1991-01-03
11843,1959-01-16,Zongyan,Slaats,M,1985-05-26
10715,1959-11-21,Goa,Poehlman,M,1995-09-25
10934,1960-05-21,Bartek,Strooper,F,1993-11-11
10186,1953-07-16,Shigehito,Kropatsch,M,1986-03-28
11026,1957-11-24,Heon,Ossenbruggen,M,1991-11-08
11266,1955-08-09,Florina,Rohrbach,M,1995-04-04
11515,1955-03-03,Ulf,Basawa,F,1986-02-27
10515,1963-12-15,Raimond,Kirkerud,M,1989-10-28
10346,1963-01-29,Aamod,Radwan,M,1987-01-27
11532,1958-03-01,Shahab,Cromarty,M,1991-12-01
11583,1964-06-06,Margo,Domenig,M,1986-06-09
11074,1963-08-17,Spyrose,Peak,M,1992-04-23
10720,1956-06-17,Odinaldo,Kruskal,M,1985-08-01
11880,1960-08-22,Akeel,Esposito,F,1993-01-31
11551,1962-08-28,Subhrajyoti,Gonthier,X,1985-04-21
11094,1958-08-28,Xiaoshan,Ratnaker,X,1991-08-26
11358,1960-04-21,Nevin,Petereit,F,1990-06-02
10252,1961-01-30,Shirish,Wegerle,F,1990-11-08
11423,1954-09-16,Guangming,Kopetz,M,1993-06-14
10698,1959-09-13,Barton,Engberts,M,1994-12-08
10737,1960-10-10,Vincent,Schwartzbauer,M,1990-10-15
10568,1953-12-02,Gao,Poulakidas,F,1989-02-14
11179,1960-06-25,Kerhong,Veccia,F,1992-03-31
10900,1955-07-18,Ferdinand,Prenel,F,1995-09-07
11927,1956-10-27,Mana,Aingworth,M,1986-04-26
11754,1958-05-18,Malu,Magliocco,F,1999-08-23
10307,1955-07-20,Nikolaos,Leaver,M,1991-04-10
10814,1952-09-17,Nidapan,Dymetman,F,1993-07-17
11037,1952-05-22,Lansing,Maliniak,M,1988-01-28
11864,1952-06-14,Pradeep,Kriebel,F,1985-11-12
10398,1958-07-16,Shooichi,Escriba,F,1990-10-12
10918,1954-12-26,Susumu,Reghbati,M,1985-12-13
11860,1964-07-29,Chriss,DeMori,F,1992-10-04
10526,1963-12-31,Kwangho,Theuretzbacher,F,1988-02-27
10998,1956-02-17,Marlo,Kandlur,M,1992-06-28
10136,1961-09-14,Zissis,Pintelas,M,1986-02-11
10761,1959-04-10,Sumali,Liedekerke,M,1992-05-30
10671,1953-06-12,Parviz,Rebaine,M,1987-01-08
11985,1959-10-12,Baocai,Wiegley,M,1985-12-18
11677,1958-02-19,Shooichi,Luit,F,1991-09-12
10137,1959-07-30,Maren,Hutton,M,1985-02-18
11861,1962-03-12,Vincent,Claffy,F,1990-05-28
11165,1957-06-07,Kolar,Pietrzykowski,M,1995-04-30
10877,1964-09-11,Subir,Biron,M,1986-06-06
11220,1962-06-25,Sahrah,Figueira,F,1989-11-24
11362,1963-11-24,Tooru,Hockney,M,1985-02-10
10169,1961-05-03,Sampalli,Snedden,F,1992-07-45
10373,1959-01-08,Hongzue,Heijenga,M,1997-04-26
11644,1952-13-08,Sanjit,Zaiane,F,1991-01-28
10375,1957-10-09,Dante,Kalafatis,F,1994-05-29
11260,1963-06-11,Ingemar,Schade,M,1993-09-29
11139,1955-10-13,Bogdan,Homond,F,1985-12-24
10267,1956-01-16,Shaunak,Cullers,M,1996-12-11
11470,1962-10-11,Khalid,Michaels,M,1991-11-26
10652,1960-04-25,Danai,Chachaty,M,1990-02-12
10943,1955-11-19,Berna,Skafidas,M,1988-02-19
10123,1962-05-12,Hinrich,Randi,M,1993-01-15
11479,1953-12-02,Shridhar,Pleszkun,X,1998-08-23
11126,1965-01-08,Hideo,Daescu,F,1992-02-25
11570,1960-08-12,Mayumi,Uchoa,M,1988-10-07
10073,1954-02-23,Shir,McClurg,M,1991-12-01
10276,1964-07-27,Xuejun,Hempstead,M,1985-07-21
10297,1956-06-17,Narain,Oaver,F,1986-05-28
11316,1963-11-02,Ult,Farrar,F,1997-07-18
11687,1963-02-28,Owen,Peak,M,1986-01-13
10942,1952-08-08,Toshimitsu,Larfeldt,F,1989-09-08
11793,1960-08-13,Barun,Harllee,M,1996-06-06
10012,1960-10-04,Patricio,Bridgland,M,1992-12-18
11732,1955-06-14,Sanjoy,Ranft,F,1985-08-11
11828,1958-06-15,Mikhail,Paciorek,F,1985-03-14
11600,1961-07-18,Yurij,Pardalos,M,1987-04-30
10716,1963-10-08,Aiman,Constantine,M,1985-08-20
11762,1958-05-17,Kerhong,Greibach,M,1992-05-10
11486,1963-03-05,Itzchak,Ramaiah,M,1985-05-31
10851,1959-11-15,Piyawadee,Copas,M,1994-11-21
11382,1962-04-04,Akemi,Otillio,M,1991-06-04
10150,1955-01-29,Zhenbing,Perng,F,1986-11-16
11881,1952-08-06,Arra,Staelin,M,1990-04-08
10059,1953-09-19,Alejandro,McAlpine,F,1991-06-26
11474,1953-04-17,Gennady,Akazan,M,1990-07-26
10933,1965-01-24,Juyoung,Seghrouchni,F,1993-08-02
10824,1958-09-20,Kirk,Kalsbeek,M,1985-03-18
11429,1957-02-22,Nagui,Kaminger,M,1986-10-16
11111,1954-07-14,Udi,Zastre,F,1994-12-25
10951,1962-01-20,Marco,Iisaku,M,1989-07-06
10699,1964-02-02,Hatim,Deverell,X,1985-11-17
10561,1958-09-07,Serge,Joslin,F,1990-12-15
11899,1961-10-07,Bodh,Munke,M,1995-12-30
10118,1957-03-29,Zhonghui,Zyda,F,1990-09-13
11237,1964-03-21,Brendon,Salinas,M,1986-03-30
10679,1956-09-25,Neven,Brender,M,1990-05-13
11162,1953-03-25,Kauko,Narlikar,F,1985-03-28
11872,1953-01-17,Cheong,Riexinger,M,1987-12-06
10510,1960-02-13,Keung,Slobodova,F,1990-04-20
11231,1959-01-28,Marit,Narwekar,F,1988-04-07
10857,1957-06-11,Fusako,Stenning&,F,1990-04-04
10077,1964-04-18,Mona,Azuma,M,1990-03-02
11188,1956-03-13,Kazuyasu,Kushner,F,1987-04-23
10234,1961-01-18,Arunachalam,Bakhtari,X,1990-11-19
10829,1955-07-11,Alper,Narahara,F,1993-02-22
11242,1958-12-27,Jinya,Camurati,F,1989-04-30
10981,1956-07-22,Sugwoo,Dulin,F,1989-01-03
10541,1955-11-05,Godehard,Eiter,M,1986-02-28
10948,1952-12-23,Shigehito,Brodie,M,1996-09-30
11250,1957-08-15,Sverrir,Cusworth,M,1992-06-30
11649,1954-10-07,Shen,Bernardinello,F,1991-02-05
10875,1958-10-27,Filipp,Suri,F,1988-05-19
10672,1954-03-23,Bluma,Zeilberger,M,1986-07-13
10603,1955-08-02,Wayne,Restivo,M,1995-07-20
10656,1962-06-18,Sanjay,Litzkow,M,1988-06-21
11172,1963-06-25,Kristian,Sudkamp,F,1989-06-06
10713,1959-04-14,Jagoda,Naumovich,M,1986-04-26
11639,1964-05-02,Khatoun,Herath,M,1987-02-18
11936,1956-11-18,Oddvar,Jonsson,F,1993-05-26
11389,1959-12-29,Ronnie,Provine,M,1988-01-14
10554,1958-08-01,Dines,Gerlach,M,1990-11-28
10583,1964-03-03,Prasadram,Stille,F,1985-02-14
10114,1957-02-16,Munir,Demeyer,F,1992-07-17
11811,1953-07-05,Herb,Boissier,M,1992-03-28
11511,1964-06-02,Arlette,Mikschl,M,1991-09-06
10926,1954-10-13,Leni,Eppinger,F,1990-04-30
11858,1962-11-21,Slavian,Baik,M,1988-11-12
10630,1954-08-10,Bezalel,Katzenelson,F,1993-06-26
11837,1957-03-26,Shigeaki,Sury,F,1990-06-15
11285,1962-02-23,Randy,Koshino,M,1997-03-03
10181,1963-01-22,Sibyl,Nooteboom,M,1988-06-22
11050,1952-09-23,Elvis,Katiyar,M,1986-05-06
11427,1963-08-15,Haldun,Iisaka,F,1994-02-25
10174,1959-05-15,Badri,Furudate,M,1987-06-01
11805,1953-06-05,Rosine,Grandbois,M,1985-09-01
10960,1959-10-24,Billur,Braunschweig,M,1988-03-14
11873,1960-08-09,Venkatesan,Reeken,F,1998-11-14
10968,1961-03-19,Lakshmi,Kolinko,M,1985-08-11
10634,1954-08-01,Nahid,Chepyzhov,M,1990-11-11
11813,1952-04-27,Gita,Muhlberg,F,1987-03-16
10722,1960-10-03,Dung,Gornas,M,1989-01-17
10784,1957-01-27,Weijing,Bottner,F,1987-05-12
10070,1955-08-20,Reuven,Garigliano,M,1985-10-14
11542,1960-05-11,Maia,Kawashima,M,1985-06-20
10378,1964-09-05,Takahira,Lichtner,M,1990-12-30
10988,1955-06-24,Chinya,Deyuan,M,1985-06-19
10931,1963-06-30,Abdulla,Beutelspacher,F,1992-06-14
10889,1956-06-21,Cheong,Coors,F,1987-08-11
11535,1956-11-08,Aemilian,Ohori,F,1988-07-09
11815,1963-04-09,Akemi,Sommen,M,1986-04-12
11625,1959-11-10,Kokou,Hemaspaandra,F,1988-09-11
10946,1956-09-08,Shaz,Kabayashi,M,1996-02-04
10743,1963-12-26,Kiyomitsu,Peltason,M,1985-06-10
10348,1956-03-11,Mahendra,Picco,F,1995-10-22
11863,1962-07-03,Stella,Peng,M,1988-12-16
11743,1956-04-05,Clyde,Huttel,F,1996-04-17
10342,1960-03-17,Stella,Hiroyama,X,1987-07-25
11174,1952-09-14,Akhilish,Milicia,M,1996-05-24
11582,1961-08-21,Willard,Baar,M,1990-04-08
11475,1957-04-25,Dekang,Siegrist,F,1997-08-04
11466,1964-01-04,Naftali,Koshino,F,1986-05-03
10668,1959-03-20,Maren,Granlund,F,1989-09-25
11245,1960-03-24,Jaideep,Pews,F,1994-11-25
10205,1953-05-20,Mabhin,Leijenhorst,F,1993-08-23
11086,1958-10-24,Yishai,Dalphin,X,1988-03-03
11635,1964-07-13,Nalini,Mahnke,F,1989-10-13
11523,1953-01-25,Yuguang,Pezzoli,F,1992-12-23
10941,1960-08-26,Katsuyuki,Norsworthy,M,1993-08-22
11360,1953-05-24,Fen,Schach,M,1989-01-12
11247,1958-01-12,Ranga,Rebaine,M,1993-02-05
10938,1958-05-11,Shaowei,Iisaku,F,1985-09-24
10614,1953-07-11,Gila,Ozeri,F,1990-03-03
11746,1952-05-22,Koichi,Marrakchi,X,1988-11-17
10266,1958-02-24,Sukumar,Rassart,M,1990-05-25
10690,1962-09-06,Matt,Jumpertz,F,1989-08-22
11874,1956-10-30,Baoqiu,Motley,M,1995-07-27
11054,1960-09-28,Utpal,Krohn,M,1986-07-18
11981,1964-04-11,LiMin,Horswill,M,1990-09-14
11749,1957-11-28,Masamitsu,Penttonen,M,1985-08-26
11525,1958-04-14,Tadahiro,Huttel,M,1988-11-03
11432,1965-01-15,Yongmao,Zwicker,M,1987-10-19
11541,1957-05-25,Chinhyun,Coombs,F,1990-04-05
11426,1958-09-01,Shuky,Schwartzbauer,M,1987-07-02
11173,1957-12-26,Tooru,Warwick,M,1988-07-03
10545,1963-01-12,Hauke,dAstous,M,1990-06-30
11213,1955-10-19,Vugranam,Munoz,F,1998-06-17
11718,1956-07-31,Richard,Marshall,F,1996-08-11
10595,1964-12-10,Giri,Undy,M,1989-11-24
10423,1956-01-10,Dante,Cronin,F,1998-09-06
11558,1959-06-20,Sungwon,Hofting,M,1996-09-18
11915,1954-08-16,Miomir,Mawatari,M,1987-08-29
11571,1957-11-11,Jinpo,Takkinen,F,1986-02-15
10419,1964-06-22,Maria,Bauknecht,F,1992-04-25
11777,1962-12-17,Mayumi,Cooley,M,1990-12-12
11244,1959-08-20,Navin,Restivo,F,1985-06-08
11513,1954-07-16,Otmar,Mahnke,M,1986-03-27
11530,1956-11-14,Oscar,Jarecki,M,1985-06-10
11840,1962-07-27,Jayson,Hofman,M,1986-12-21
10057,1954-05-30,Ebbe,Callaway,F,1992-01-15
10778,1953-03-13,Selwyn,Merey,M,1986-07-04
11452,1953-01-16,Shigehito,Luby,F,1993-08-26
11942,1957-08-22,Uri,Scharstein,F,1985-04-06
11464,1962-10-22,Boutros,Simkin,M,1992-05-30
11485,1959-06-27,Nahid,Khalil,M,1991-10-04
11303,1957-04-27,Jaewoo,Usery,M,1986-11-05
10667,1955-08-05,Makato,Cusworth,F,1990-06-25
10407,1955-07-05,Ulf,Siepmann,M,1990-03-08
10187,1961-05-26,Tommaso,Narwekar,F,1991-06-01
11096,1962-02-21,Shugo,Zallocco,F,1986-12-12
10444,1956-07-29,Kazuhira,Rosis,M,1993-03-31
10605,1956-05-21,Moti,Wixon,F,1985-04-29
10075,1960-03-09,Gao,Dolinsky,F,1987-03-19
10702,1952-11-25,Bader,Szemeredi,M,1985-07-23
10775,1956-03-12,Xiaoheng,Sluis,M,1988-12-09
10749,1955-08-21,King,Brendel,M,1985-09-26
10740,1956-04-19,Suzette,Sadowski,M,1995-08-15
10928,1961-11-01,Udaiprakash,Schmezko,M,1991-04-07
10094,1957-05-25,Arumugam,Ossenbruggen,F,1987-04-18
11469,1952-12-01,Guttorm,Giaccio,M,1988-05-23
10724,1957-10-06,Aluzio,Narlikar,M,1991-11-04
11534,1960-08-23,Surveyors,Besancenot,M,1988-11-19
11309,1963-05-28,Caolyn,Ranai,M,1994-01-24
11537,1955-06-29,DAIDA,Pehl,M,1986-07-06
10103,1953-11-26,Akemi,Birch,M,1986-12-02
11240,1955-08-12,Kiam,Condotta,M,1988-11-11
11324,1953-11-16,Kauko,Billingsley,F,1985-08-29
10377,1954-08-19,Marl,Grospietsch,M,1990-05-07
11975,1956-03-04,Ger,Moehrke,M,1991-03-24
10658,1956-11-21,Junsik,Rijckaert,F,1994-04-29
10415,1957-11-12,Mark,Coorg,M,1993-10-25
10578,1958-07-18,Shigeaki,Shanbhogue,F,1989-11-24
10528,1963-05-16,Koichi,Lakshmanan,F,1991-12-29
11973,1958-02-10,Aamod,Erdmenger,F,1989-04-13
10008,1958-02-19,Saniya,Kalloufi,M,1994-09-15
11112,1954-08-05,Boaz,Mukaidono,M,1987-08-20
11401,1952-12-20,Huan,Merey,F,1995-04-15
11490,1957-09-10,Bedir,Osgood,M,1990-04-28
11932,1956-05-28,Tze,Zolotykh,M,1987-12-28
10833,1953-04-12,Krisda,Gecseg,F,1989-02-08
10867,1952-10-01,Billur,Gyorkos,M,1986-10-08
10294,1955-01-05,Rutger,Miara,M,1996-04-08
10080,1957-12-03,Premal,Baek,M,1985-11-19
10906,1952-02-06,Munehiro,Carrere,F,1994-01-20
11972,1954-10-01,Sibyl,Beausoleil,F,1990-10-07
11945,1952-02-17,Limsoon,Marakhovsky,F,1991-07-22
10514,1963-04-03,Tomofumi,McClure,M,1992-04-29
11068,1956-03-03,Honglan,Harnett,F,1989-06-29
11395,1959-03-04,Nectarios,Chleq,M,1987-06-20
11836,1952-09-14,Ortrud,Bakhtari,M,1989-07-28
11966,1960-10-22,Poornachandra,Rotem,F,1987-01-20
11591,1961-10-03,Kiyomitsu,Lindqvist,M,1986-01-07
11044,1959-03-18,Elvia,Cherinka,M,1990-11-15
10645,1957-03-01,Fumiyo,Esposito,M,1988-03-01
10216,1958-07-16,Amstein,Ghemri,M,1987-10-30
10215,1954-04-02,Xiaobin,Duclos,M,1987-10-19
11075,1954-10-28,Karsten,Belinskaya,F,1996-10-29
11593,1963-05-04,Eckart,Gunderson,M,1989-11-02
10502,1957-10-07,Yonghoan,Marshall,M,1993-03-04
11342,1959-12-29,Xudong,Butner,M,1998-02-03
11595,1953-02-26,Takanari,Kamber,M,1992-01-23
10015,1959-08-19,Guoxiang,Nooteboom,M,1987-07-02
10486,1952-08-24,Amstein,Kossowski,F,1987-10-08
11372,1953-09-04,Susanta,Vilarrasa,M,1993-05-14
10108,1952-04-07,Lunjin,Giveon,M,1986-10-02
11870,1962-11-30,Adas,Quittner,M,1988-03-28
10323,1958-06-20,Kankanahalli,Hinsberger,M,1991-06-06
11774,1954-07-11,Aron,Wroclawski,X,1997-12-30
11292,1953-05-18,Souichi,Sichman,F,1989-02-11
11170,1952-05-05,Minghong,Cannard,M,1989-12-29
11787,1956-12-31,Subhada,Garnick,M,1987-08-25
11282,1964-01-31,Josyula,Schaad,M,1991-02-11
10674,1961-03,Abdelaziz,Bisiani,M,1988-09
10128,1958-02-15,Babette,Lamba,F,1988-06-06
10200,1961-12-31,Vidya,Awdeh,M,1985-10-16
11508,1956-05-03,Ronnie,Ritcey,F,1988-04-12
11794,1964-10-25,Atreye,Ghandeharizadeh,M,1987-05-02
10028,1963-11-26,Domenick,Tempesti,M,1991-10-22
11312,1956-11-24,Shih,Terlouw,F,1994-01-23
10693,1953-12-14,Berhard,Daescu,F,1986-01-08
10991,1957-05-22,Munehiro,Aingworth,M,1993-05-21
10835,1952-11-23,Tomoyuki,Kermarrec,M,1985-07-28
11646,1953-06-22,Lobel,Rubsam,M,1992-06-11
11957,1958-06-13,Frederique,Radivojevic,F,1992-04-02
11428,1953-07-08,Remco,Reinhart,M,1994-07-31
11100,1955-10-14,Berna,Cochrane,M,1986-10-13
10491,1964-09-09,Garnik,Narahar|,X,1990-01-17
11710,1958-12-20,Rajmohan,Hatcliff,F,1986-09-05
11149,1964-06-28,Domenico,Imataki,M,1987-08-26
10283,1953-07-08,Kauko,Birjandi,M,1988-05-25
10170,1960-10-03,Kasturi,Jenevein,F,1986-01-02
10808,1955-09-11,Chenxi,Leijenhorst,M,1987-03-07
11659,1958-12-08,Tremaine,Pileggi,M,1988-08-31
11910,1961-09-23,Tamiya,Luders,F,1992-09-12
11695,1958-07-03,Gretta,Serra,M,1989-04-26
11504,1962-06-16,Saeed,Ananiadou,F,1990-09-30
10404,1955-04-27,Prodip,Rosti,F,1988-08-28
11781,1964-11-29,Tua,Pluym,M,1987-11-14
11118,1959-12-19,Sailaja,Gelosh,F,1988-11-28
10965,1955-07-10,Eckart,Braunschweig,M,1986-07-29
11921,1958-10-19,Yaghout,Benner,M,1986-03-04
11338,1954-11-03,Kwangsub,Hanratty,M,1987-04-14
11989,1953-10-29,Erzsebet,Peltason,M,1989-01-07
11394,1964-01-02,Masadi,Uhrik,M,1988-12-20
10892,1959-12-13,Kazunori,Vieth,M,1990-04-11
10438,1961-12-25,Evgueni,Srimani,F,1990-01-19
10488,1959-10-17,Mihalis,Heering,M,1994-06-09
11181,1952-05-28,Hausi,Cullers,M,1992-07-11
11608,1961-04-17,Jagoda,Jonsson,F,1987-04-19
11438,1959-04-09,Morris,Heping,M,1994-11-17
11217,1954-07-01,Kellie,Mawatari,M,1987-09-22
11356,1959-12-31,Hercules,Gerlach,M,1985-10-26
10895,1952-03-21,Vishwani,Petersohn,M,1986-04-26
11178,1956-02-12,Kellyn,Daescu,M,1985-05-27
10391,1956-06-13,Hongzue,Akaboshi,M,1989-12-24
11202,1964-11-01,Marek,Ranon,F,1985-02-17
10253,1964-11-12,Zsolt,Salinas,F,1985-02-21
11694,1962-08-26,Stamatina,Ozery,F,1989-03-31
10158,1958-04-01,Khedija,Mitsuhashi,M,1986-01-29
11000,1960-09-12,Alain,Bonifati,M,1988-08-20
10594,1960-10-22,Kiyokazu,Whitcomb,M,1988-04-02
10771,1960-05-10,Guiseppe,Kleiser,F,1989-11-08
11251,1955-10-16,Bezalel,Chinal,M,1985-11-26
11971,1957-10-08,Dhritiman,Cooke,M,1987-11-11
10468,1960-08-28,Yoshimitsu,Shobatake,M,1991-05-28
11335,1960-11-20,Bernd,Plump,M,1991-10-08
10424,1959-08-17,Babette,Straney,M,1989-08-07
10738,1963-10-08,Rosita,Oppitz,M,1988-01-17
11035,1963-09-25,Bangqing,Atrawala,M,1992-10-06
11561,1960-02-25,Akeno,McAffer,M,1989-12-26
10588,1956-07-30,Shigeo,Dulay,F,1987-01-28
11680,1958-04-23,Aral,Iwayama,M,1990-05-13
11093,1959-11-11,Licheng,Kitai,F,1986-02-17
11328,1958-10-13,Xiong,Ferriere,M,1986-08-08
10478,1957-03-08,Maik,Ushiama,M,1992-06-09
11528,1955-04-26,Zito,Dolinsky,M,1987-06-15
11166,1958-05-27,Weiyi,Antonisse,M,1990-09-04
11670,1964-09-25,Evgueni,Kroon,F,1985-05-17
11361,1962-12-07,Zhonghui,Birdsall,M,1987-08-03
10359,1960-04-18,Heekeun,Sambasivam,F,1991-05-09
10076,1952-06-13,Erez,Ritzmann,F,1985-07-09
11210,1957-09-27,Kamakshi,Decaestecker,M,1986-02-27
11453,1962-11-18,Fei,Lakshmanan,M,1990-07-13
11311,1958-04-28,Hyuckchul,Bahk,F,1994-12-15
10902,1964-05-09,Inderjeet,Perly,M,1990-04-22
10898,1961-11-10,Munenori,Markovitch,F,1986-04-10
10431,1961-05-25,Patricio,Bugrara,M,1987-10-08
10141,1960-01-17,Shahaf,Ishibashi,F,1993-05-06
11980,1955-07-03,Yechezkel,Pews,M,1992-01-20
11619,1958-08-14,Taiji,Ozeki,F,1992-09-01
11195,1953-09-04,Masanao,Lovengreen,M,1991-06-13
10805,1959-09-12,Kerhong,Bernick,F,1987-05-26
10422,1954-06-02,Greger,Rubsam,F,1990-12-07
10382,1955-06-12,Shirish,Dredge,M,1990-07-04
10326,1953-02-13,Masali,Czap,F,1985-05-13
11567,1954-07-06,Teiji,Mitzlaff,M,1988-02-03
10464,1962-09-04,Mang,Maginnis,F,1989-10-09
11768,1964-06-09,Krassimir,Erol,M,1988-03-31
10639,1953-04-18,Pramod,Erol,M,1992-10-25
10355,1952-12-10,Satyanarayana,Cochrane,M,1987-11-15
10780,1955-09-12,Goncalo,Staudhammer,M,1989-11-06
11424,1963-04-07,Lein,Sudkamp,M,1989-08-01
10473,1963-10-13,Przemyslawa,Oskamp,M,1987-10-30
11824,1960-01-05,Zhensheng,Karcich,X,1993-10-09
11516,1958-01-06,Hironoby,Sethi,M,1992-07-26
11800,1958-12-09,Aamer,Fraisse,M,1990-08-08
11554,1955-05-28,Subhash,Taubenfeld,M,1888-10-17
11500,1960-11-06,Ranan,Weedon,M,1991-05-07
11685,1958-02-27,Ulf,Erde,M,1992-09-10
10389,1953-03-24,Make,Peir,M,1995-10-31
10449,1959-09-28,Aleksandar,Sudkamp,M,1987-03-28
11270,1962-10-10,Gina,Falster,M,1988-09-28
11615,1955-03-05,Shem,Isaak,F,1988-09-13
10193,1960-06-29,Masaru,Cheshire,M,1991-07-28
11435,1962-05-29,Utpal,Lichtman,M,1986-10-15
11212,1961-08-10,Teruyuki,Peternell,M,1985-10-16
10538,1955-08-18,Przemyslawa,Falby,M,1987-07-23
11032,1953-04-19,Erez,Schaaf,M,1992-03-12
11601,1958-11-17,Erez,Ritzmann,M,1990-04-07
10066,1952-11-13,Kwee,Schusler,M,1986-02-26
10238,1964-11-02,Mototsugu,Gire,FF,1986-11-19
10897,1958-05-27,Arno,Kumaresan,F,1986-04-09
10097,1952-02-27,Remzi,Waschkowski,M,1990-09-15
11090,1959-07-10,Ebbe,Hasenauer,M,1986-07-25
10563,1956-10-27,Mohit,Spelt,M,1992-09-29
11323,1964-05-24,Hyuckchul,Pfau,X,1995-02-13
10709,1961-01-06,Jiafu,Mateescu,F,1986-02-02
10758,1962-11-26,Fumiyo,Boyle,F,1988-02-06
10044,1961-09-21,Mingsen,Casley,F,1994-05-21
11559,1961-06-08,Jaihie,Nollmann,F,1990-12-17
10869,1962-10-09,Guangming,Jonsson,F,1996-03-15
10910,1258-11-11,Arco,Jervis,M,1989-07-13
10627,1962-10-06,Shigeu,Itzfeldt,M,1991-11-07
10354,1961-04-21,Moto,Kusakari,M,1996-03-26
11835,1961-09-13,Arnould,Hofman,F,1990-02-24
11773,1961-12-31,Naftaly,Lorys,M,1987-10-31
10309,1964-11-06,Prodip,Schusler,F,1985-06-20
10110,1957-03-07,Xuejia,Ullian,F,1986-08-22
11115,1958-06-27,Sahrah,Demos,M,1998-11-03
11301,1953-08-19,Oxenboll,F,1989-05-23
10099,1956-05-25,Valter,Sullins,F,1988-10-18
11204,1955-12-15,Diederik,Covnot,M,1985-09-18
10006,1953-04-20,Anneke,Preusig,F,1989-06-02
10019,1953-01-23,Lillian,Haddadi,M,1999-04-30
10251,1957-04-25,Alair,Rosenbaum,M,1992-06-25
10979,1959-09-11,Elrique,Raney,F,1986-01-27
10754,1956-09-08,Chenyi,Feinberg,X,1988-01-11
11959,1962-02-14,Duro,Pettis,M,1991-04-03
10856,1964-03-13,Sreenivas,Peck,F,1986-12-31
10209,1956-12-12,Yolla,Ellozy,F,1991-11-23
10115,1964-12-25,Chikara,Rissland,M,1986-01-23
11138,1956-11-12,Adel,Matteis,M,1986-10-22
10321,1955-12-12,Guenter,Ravishankar,M,1991-09-24
11901,1962-09-05,Baoqiu,Plumb,M,1989-11-10
11330,1961-08-21,Chriss,Adachi,M,1990-06-28
10270,1963-01-30,Bedir,Hartvigsen,F,1990-04-26
11820,1961-11-26,Danil,Badache,M,1993-06-20
11775,1963-06-16,Sajjad,Xiaoshan,F,1985-02-06
11657,1958-04-01,Gou,Bazzichi,F,1989-03-19
10072,1952-05-15,Hironoby,Sidou,F,1988-07-21
10197,1963-08-06,Kasidit,Krzyzanowski,F,1993-11-22
10232,1956-03-11,Marko,Auria,F,1992-06-04
10676,1953-08-26,Valeri,Danley,F,1986-03-20
10479,1959-01-27,Duro,Coney,F,1987-02-28
11455,1959-10-13,Jianhui,Wolniewicz,M,1994-08-14
10228,1953-04-21,Karoline,Cesareni,F,1991-08-26
11879,1957-11-14,Heping,Garigliano,M,1987-12-10
11802,1956-01-18,Katsuo,Benzmuller,F,1988-04-12
10646,1957-11-24,Uri,Chorvat,M,1988-08-07
11185,1954-04-10,Aloys,Baezner,M,1995-01-26
11376,1952-03-10,Valery,Suomi,M,1986-03-14
10818,1958-12-20,Huan,Monarch,M,1995-10-22
11010,1963-03-20,Jaques,Narwekar,F,1986-12-18
11676,1952-04-12,Valeri,Ferriere,F,1985-03-16
10617,1955-01-26,Hidekazu,Angel,F,1985-03-29
11132,1952-08-01,Kristin,Harnett,M,1994-08-30
10005,1955-01-21,Kyoichi,Maliniak,M,1989-09-12
11148,1953-01-23,Zhanqiu,Botman,F,1985-07-06
10621,1962-02-03,Hinrich,Siepmann,F,1991-06-23
11183,1960-06-26,Herbert,Serdy,M,1990-12-28
11134,1954-05-15,Sachar,Rajcani,F,1988-05-26
10127,1952-02-24,Subir,Baja,F,1989-01-14
11143,1955-03-06,Yongdong,Rosen,M,1996-05-09
10861,1962-02-27,Howell,Baek,M,1989-06-10
11814,1954-09-16,Manohar,Shinomoto,F,1993-06-08
11891,1960-06-16,Hyuncheol,Bail,M,1991-03-20
11753,1963-12-07,Fayez,Nishimukai,F,1985-11-16
10031,1959-01-27,Karsten,Joslin,M,1991-09-01
11198,1963-05-12,Leif,Gini,M,1988-02-07
10484,1961-08-30,Nirmal,Varley,F,1995-10-31
11492,1962-07-02,Menkae,Mikschl,X,1994-03-15
11252,1959-11-04,Rutger,Dulin,M,1986-01-15
11764,1953-04-22,Sanjay,Anick,F,1988-04-25
10785,1963-02-09,Keiichiro,Marzano,M,1994-11-11
11293,1958-10-12,Naftali,Birge,F,1992-08-08
11444,1963-11-17,Sangeeta,Leuchs,M,1992-01-01
11448,1960-01-19,Yolla,Biron,M,1995-08-26
10263,1961-02-08,Takahiro,Waterhouse,M,1994-02-05
11816,1964-04-26,Masako,Besselaar,M,1991-08-05
11846,1954-04-24,Fai,Perly,F,1993-11-21
11417,1954-11-20,Anneli,Cyne,M,1990-05-15
10766,1964-06-10,Nathalie,Standera,M,1996-08-05
11692,1956-07-02,Rance,Provine,X,1989-04-20
11605,1961-05-26,Arno,Genther,M,1987-05-22
11484,1959-04-08,Holgard,Siepmann,M,1995-01-22
10750,1953-06-14,Roddy,Demeyer,F,1991-08-04
11765,1955-08-17,Zorica,Junet,F,1991-07-04
11848,1958-09-19,Amabile,Haumacher,M,1993-11-24
10429,1952-02-13,Martien,Improta,F,1986-03-09
10224,1954-05-17,Leon,Trogemann,M,1988-01-09
11590,1961-10-12,Adel,Eppinger,M,1997-06-26
10469,1964-12-22,Munehiko,Ananiadou,M,1985-06-05
10171,1957-09-11,Herbert,Trachtenberg,M,1989-07-22
10340,1952-08-20,Djelloul,Laventhal,M,1987-06-05
10159,1955-03-03,Serif,Buescher,M,1991-05-29
10654,1960-03-17,Nahla,Castellani,F,1987-05-28
10744,1957-02-17,Yaghout,Syang,M,1985-12-29
10432,1953-11-06,Hisao,Tiemann,F,1985-04-30
10683,1952-06-18,Guiseppe,Stranks,F,1993-09-07
10527,1964-09-15,Tetsushi,Barvinok,X,1996-01-25
11304,1959-03-01,Rajmohan,Azadmanesh,F,1991-09-10
10632,1960-04-05,Yoshimitsu,Velardi,F,1985-07-25
10272,1954-11-30,Yishai,Cannane,M,1988-05-23
10437,1956-07-07,Narain,Reeker,F,1996-04-12
10796,1959-06-30,Khoa,Rousseau,M,1990-11-08
11346,1962-04-25,Jungsoon,Fiebach,M,1988-10-27
10809,1962-01-06,Shim,Feldhoffer,F,1987-03-04
11211,1952-12-11,Yurij,Rissland,M,1985-09-17
11315,1955-04-21,Neven,Meriste,M,1999-07-17
10555,1962-09-25,Vitaly,Picci,M,1989-11-06
11839,1962-10-24,Navid,Falck,M,1988-12-12
10125,1957-09-13,Syozo,Hiltgen,X,1990-10-26
10177,1954-11-08,Pragnesh,Iisaka,M,1993-02-06
11503,1953-08-01,Nathan,Picht,F,1993-01-25
11157,1965-02-01,Mario,Cochrane,M,1985-03-30
10037,1963-07-22,Pradeep,Makrucki,M,1990-12-05
10461,1956-10-26,Gal,Karcich,M,1987-08-03
10849,1953-03-05,Makato,Mayerwieser,M,1995-06-25
1097C,1962-08-24,Gen,Tiemann,F,1994-09-16
10105,1962-02-05,Hironoby,Piveteau,M,1999-03-23
10023,1953-09-29,Bojan,Monte_Mayor,F,1989-12-17
11070,1952-06-30,Adib,Raney,M,1985-07-24
10770,1956-06-18,Bedir,Perry,F,1987-12-25
11095,1961-12-31,Nathan,Flowers,M,1994-05-28
11923,1957-07-17,Breannda,Gustavson,F,1994-07-04
11667,1955-05-15,Kristian,Marchegay,F,1990-09-08
10240,1952-04-01,Remko,Maccarone,M,1998-10-06
10401,1962-04-25,Eckart,Barriga,M,1991-04-05
10132,1956-12-15,Ayakannu,Skrikant,M,1994-10-30
10261,1959-12-25,Mang,Erie,M,1993-10-20
10868,1959-05-11,Houman,Unno,F,1990-03-20
10582,1960-05-08,Shmuel,Juneja,M,1986-06-22
10390,1960-03-07,Wanqing,Bratten,M,1989-05-17
10300,1960-07-12,Tadahiko,Ulupinar,F,1991-05-17
10810,1957-10-23,Lijie,Lunn,F,1994-09-07
10210,1958-01-24,Yuping,Alpin,X,1994-05-10
11907,1958-08-02,Takahito,Cromarty,M,1992-02-27
11982,1957-01-21,Marsha,Hasenauer,M,1985-12-17
11384,1962-12-17,Jaana,Veccia,F,1994-06-03
10915,1961-03-11,Valery,Skafidas,M,1987-12-06
11553,1960-01-14,Toshimitsu,Aloia,M,1991-01-21
10421,1959-03-22,Divine,Marzano,M,1989-09-12
10886,1964-09-30,Sushant,Begiun,M,1995-03-26
11374,1960-01-25,Remzi,Matzat,F,1993-12-12
11693,1952-02-15,Hideo,Coorg,M,1989-03-13
10331,1961-08-12,Arto,Binkley,M,1985-04-06
10470,1956-04-12,Peternela,Iwayama,M,1988-06-01
11097,1957-12-18,Jovan,Rissanen,F,1989-01-28
11944,1952-05-15,Along,Aumann,M,1991-06-14
11061,1954-11-11,Pintsang,Erni,M,1993-02-19
11158,1952-02-23,Masaki,Hagimont,M,1996-04-20
11714,1961-09-04,Menkae,Bultermann,M,1989-11-05
11507,1956-01-27,Kristian,Cangellaris,M,1994-05-19
10246,1962-06-23,Basem,Teitelbaum,M,1987-07-12
10003,1959-12-03,Parto,Bamford,M,1986-08-28
10744,1957-02-17,Yaghout,Syang,M,1985-12-29
10025,1958-10-31,Prasadram,Heyers,M,1987-08-17
10718,1955-12-19,Adib,Rullman,M,1988-07-21
10932,1955-11-19,Avishai,Picci,F,1994-09-09
11442,1956-05-01,Leucio,Rindone,F,1987-06-22
11023,1964-01-08,Yifei,Driscoll,M,1990-06-12
11371,1956-05-17,Tadahiko,Masamoto,M,1988-12-25
10542,1955-01-05,Yannis,Couchot,F,1989-03-28
10663,1965-01-09,Teunis,Noriega,M,1993-01-23
10119,1960-12-01,Domenick,Peltason,X,1986-03-14
10548,1952-06-12,Ramalingam,Gunderson,M,1986-05-04
10168,1964-09-11,Dharmaraja,Stassinopoulos,M,1986-12-06
10552,1953-03-25,Kazuhito,Shiratori,M,1998-08-18
10909,1954-11-11,Georgi,Atchley,M,1985-04-21
10269,1959-10-07,Taizo,Oxman,F,1988-07-24
10901,1959-06-12,Chrisa,Narahara,M,1992-10-30
10490,1961-09-28,Huiqun,Vuskovic,F,1992-10-07
10803,1952-5-15,Katsuyuki,Velasco,F,1988-04-20
11156,1954-04-13,Tomoyuki,Armand,M,1995-09-07
11658,1961-04-13,Hongzue,Streng,M,1992-01-03
11655,1963-10-28,Gift,Broomell,M,1985-03-05
11890,1959-10-23,Remmert,Kirkerud,M,1990-02-09
11827,1956-02-07,Gretta,Rando,M,1991-09-09
10752,1964-07-18,Byong,Conde,M,1993-05-28
10175,1960-01-11,Aleksandar,Ananiadou,F,1988-01-11
10310,1964-08-29,Aksel,Alencar,M,1990-10-24
10657,1958-03-09,Juichirou,Kitsuregawa,M,1989-12-45
10055,1956-06-06,Georgy,Dredge,M,1992-04-27
11145,1954-01-14,Jinxi,Baak,F,1990-02-06
10152,1954-12-01,Jaques,Munro,F,1986-01-27
10828,1962-10-12,Godehard,Gammage,M,1986-02-14
10328,1955-06-28,Serenella,Kawashima,M,1994-01-16
11408,1961-01-13,Shahab,Serot,F,1995-05-28
10492,1957-04-03,Lobel,Kumaresan,M,1988-04-24
11893,1959-07-06,Vitali,Zobel,M,1995-11-11
11450,1964-04-12,Wanqing,Glinert,M,1987-06-04
10285,1956-09-21,Zhonghui,Preusig,F,1995-02-27
10919,1961-09-04,Reinhard,Lindenbaum,M,1987-04-19
11258,1953-10-12,Aris,Maccarone,F,1991-03-28
10792,1962-09-04,Chinya,Birdsall,M,1985-08-10
11101,1961-10-31,Manibrata,Horswill,M,1992-06-26
10772,1956-01-21,Munehiro,Dayana,M,1987-06-29
11857,1955-12-03,Divier,Farrag,F,1986-08-27
11661,1963-02-05,Candida,Moffat,M,1995-08-24
11391,1963-03-26,Jouko,Antonakopoulos,M,1994-10-14
11441,1954-11-16,Marlo,Aingworth,M,1987-03-27
11380,1952-04-23,Kenroku,Pelc,M,1988-03-03
11495,1964-01-02,Shin,Barriga,M,1989-09-13
10821,1959-04-14,Irena,Schurmann,M,1987-03-12
10282,1953-11-27,Hercules,Benzmuller,M,1986-06-04
10195,1963-11-13,Annemarie,Redmiles,M,1985-02-15
10721,1964-07-12,Bernd,Redmiles,F,1995-03-17
11425,1955-11-20,Renee,Crelier,M,1990-08-27
11065,1957-06-12,Filipe,Rathonyi,M,1985-11-14
10613,1960-11-04,Inderjeet,Jansen,M,1990-09-01
11249,1954-10-01,Randi,Cyre,M,1985-08-29
10832,1964-08-29,Hidde,Bergere,F,1986-10-11
10551,1963-10-07,Jeong,Rijsenbrij,M,1988-08-06
10686,1963-05-25,Avishai,Azadmanesh,F,1987-05-17
10145,1956-03-30,Akemi,Esposito,F,1987-08-01
10292,1963-01-27,Yucel,Ghelli,F,1989-06-05
11298,1956-08-08,Jiong,Alvarado,M,1991-12-13
11757,1964-05-22,Jackson,Meriste,F,1987-04-07
11527,1952-02-06,Alagu,Boyle,M,1988-07-03
10767,1954-02-28,Monique,Doering,F,1987-06-17
11158,1952-02-23,Masaki,Hagimont,M,1996-04-20
10329,1958-04-28,Remko,Shigei,F,1986-01-20
10532,1959-08-31,Mary,Wossner,F,1986-05-18
11473,1957-06-27,Jiakeng,Eugenio,M,1986-11-19
11766,1964-10-10,Nimmagadda,Berztiss,F,1987-10-27
11234,1961-06-17,Tooru,Vingron,M,1990-08-21
10341,1960-11-22,Wilmer,Greenaway,F,1987-04-29
10978,1962-09-24,Huiqun,Bellone,M,1985-05-18
11431,1954-08-05,Youngkon,Picht,X,1985-09-16
10852,1959-11-24,Hercules,Munck,F,1996-03-21
11051,1952-10-06,Przemyslawa,Erol,F,1985-08-09
11763,1953-08-19,Yuriy,Liesche,F,1996-11-08
11862,1954-01-25,Alejandra,Deville,M,1993-01-20
11900,1961-04-06,Tse,Ermel,M,1990-05-26
11934,1958-11-06,Diederik,Deville,M,1993-11-03
10053,1954-09-13,Sanjiv,Zschoche,F,1986-02-04
11007,1962-03-16,Olivera,Maccarone,M,1991-04-11
10602,1959-11-27,Douadi,Wossner,M,1988-03-12
11906,1955-04-26,Hideo,Boguraev,F,1987-03-30
10399,1957-06-13,Guenter,Marchegay,F,1985-05-07
10642,1955-12-19,Hirochika,Narlikar,M,1986-08-06
11367,1962-12-07,Christophe,Slobodova,X,1989-11-21
10601,1959-10-23,Barton,Usdin,M,1994-08-29
11203,1952-06-24,Sakthirel,Yetto,M,1988-01-06
11025,1960-03-21,Heekeun,Delgrange,M,1989-11-06
10477,1952-12-07,Guoxiang,Trogemann,F,1989-03-04
11509,1954-06-18,Aleksander,Feldhoffer,M,1987-11-12
11491,1960-12-13,Maha,Matteis,M,1988-11-08
10725,1958-10-22,Garnet,Isard,M,1990-09-08
11852,1963-07-17,Zhongwei,Yurek,M,1989-01-11
11955,1964-10-17,Domenico,Eastman,M,1987-09-01
10155,1959-12-07,Adas,Nastansky,M,1990-01-05
10280,1964-10-29,Stabislas,Delgrange,M,1988-03-18
11472,1961-04-18,Constantino,Ghandeharizadeh,M,1990-04-30
11725,1956-03-04,Shahaf,Zeilberger,F,1988-09-15
11104,1961-05-06,Hein,Swan,M,1993-09-20
11164,1961-01-18,Alain,Limongiello,M,1987-06-29
11064,1952-08-10,Shawna,Vieri,X,1990-02-28
10226,1964-12-28,Xinglin,Plessier,M,1989-10-27
10788,1963-06-28,Frazer,Ullian,M,1993-12-13
10320,1956-06-22,Uinam,Stasinski,F,1988-11-03
11851,1961-12-28,Suvo,Copas,M,1991-05-04
11902,1964-04-19,Subhash,Garnham,F,1987-06-21
10274,1957-08-23,Dmitri,Pearson,F,1991-04-21
11459,1953-10-14,Duke,Suomi,M,1986-05-03
11963,1961-11-19,Kensyu,Gopalakrishnan,M,1989-09-17
11119,1955-07-09,Ramzi,Luga,F,1994-06-21
11720,1957-08-10,Abdulla,Heusch,F,1990-08-24
10569,1962-12-03,Sreenivas,Bashian,M,1987-03-13
11067,1960-05-01,Vatsa,Rousseau,F,1987-05-10
11809,1957-09-17,Anneli,Bennis,M,1985-03-12
10885,1953-05-06,Rayond,Cronau,M,1991-08-19
10B04,1964-02-20,Terresa,Benantar,M,1996-04-18
11679,1960-12-23,Bedrich,Denna,M,1991-01-02
11727,1961-12-12,Baziley,Felcyn,M,1992-03-07
10696,1952-03-23,Unal,Fendler,M,1991-09-09
11867,1960-10-08,Basim,Bhattacharjee,M,1985-11-02
11141,1957-08-20,Vasiliy,Kermarrec,F,1989-12-28
11235,1964-11-13,Larisa,Schueller,F,1988-05-31
11336,1963-04-25,Kazuhisa,Gewali,M,1998-06-05
11555,1955-08-05,Kotesh,Perfilyeva,M,1986-10-14
11829,1952-08-01,Chaosheng,Pettis,X,1999-02-17
11197,1955-05-11,Tadahiro,Fordan,M,1986-04-13
11053,1957-03-30,Sampalli,Brobst,M,1992-04-06
11750,1956-08-16,Mong,Dalphin,X,1993-08-07
10332,1961-11-05,Masanao,Bain,F,1988-06-08
11613,1956-02-06,Lijia,Marchesini,M,1986-12-19
11594,1962-01-30,Pradeep,Butner,M,1991-05-28
10947,1954-09-29,Gor,Usery,F,1995-11-16
10305,1952-06-30,Hirochika,Piancastelli,M,1988-10-31
11895,1964-05-09,Flemming,Schreiter,M,1990-01-29
10010,1963-06-01,Duangkaew,Piveteau,F,1989-08-24
10129,1955-12-02,Armond,Peir,M,1985-12-10
11105,1956-12-17,Holgard,McAlpine,M,1990-01-13
10071,1958-01-21,Hisao_,Lipner,M,1987-10-01
11329,1956-03-01,Limsoon,McConalogue,F,1987-05-02
11707,1964-07-18,Tooru,Hettesheimer,M,1987-12-07
10782,1952-09-18,Kish,Perna,F,1991-10-21
11563,1958-11-05,Teruyuki,Tetzlaff,M,1988-12-10
11363,1962-04-27,Jenwei,Milicia,M,1986-03-16
10935,1961-08-09,Morris,Famili,M,1990-03-09
11003,1960-11-13,Mariangiola,Gulla,M,1987-05-24
10599,1956-10-15,Seshu,Crelier,F,1989-03-17
10976,1963-01-27,Hitomi,Valette,F,1992-12-06
10826,1952-12-06,Arnd,Anandan,M,1993-01-22
10455,1963-12-17,Sverrir,Streng,F,1989-02-14
10198,1953-05-28,Pranav,Furedi,M,1985-08-31
11801,1953-11-22,Tommaso,Dayang,M,1990-09-05
10573,1964-02-23,Tetsushi,Speel,F,1993-07-07
10925,1960-02-13,Heng,Waterhouse,F,1986-09-04
10184,1957-05-22,Mihalis,Lowrie,M,1987-10-29
11850,1964-10-23,Bikash,Maginnis,M,1991-02-10
11191,1963-10-20,Prade3p,Crooks,M,1990-04-28
10996,1955-02-01,Matk,Rahimi,F,1990-02-07
10211,1964-08-05,Vishu,Strehl,F,1989-11-18
11808,1962-09-03,Morrie,Rosiles,F,1986-05-17
11621,1956-04-23,Ottavia,Baaleh,M,1986-11-17
10505,1964-02-04,Isamu,Auria,M,1985-07-23
10812,1957-09-14,Berthier,Menhoudj,F,1987-08-11
10939,1964-07-13,Matk,Akazan,X,1990-11-01
11564,1958-02-15,Sastry,Verspoor,M,1989-10-12
11577,1953-01-11,Mayumi,Deyuan,M,1992-09-23
11597,1955-04-10,Yongdong,Talmon,M,1990-02-01
10794,1962-06-26,Teunis,Berztiss,M,1992-03-29
11014,1959-09-22,Baoqiu,Vecchi,M,1994-08-23
11274,1954-09-08,Masanao,Nicolson,F,1989-10-08
10697,1958-04-09,Bluma,Hiltgen,M,1998-03-04
11289,1953-03-20,Chuanti,Cherinka,M,1989-02-22
10999,1961-12-04,Insup,Benveniste,F,1996-03-05
10956,1955-02-02,Arno,Picel,M,1992-06-29
11584,1956-03-20,Pradeep,Waymire,F,1985-06-20
10584,1961-07-12,Mana,Papastamatiou,M,1986-02-17
12000,1957-11-09,Claudi,Angelov,M,1989-01-12
11557,1959-12-22,Candido,Pesch,F,1998-08-18
10862,1956-01-19,Zhenbing,Kadhim,F,1985-07-23
11536,1959-10-07,Mahmut,Pintelas,F,1991-09-06
11664,1955-08-27,Oksana,Brizzi,F,1990-09-07
10819,1957-02-19,Pascal,Sooriamurthi,M,1986-08-02
11463,1960-08-06,Rajmohan,Kamber,F,1992-05-17
11770,1955-08-26,Arumugam,Jakobus,F,1992-11-29
10463,1954-05-20,Ung,Zaiane,M,1987-12-25
10339,1957-08-27,Teunis,Liedekerke,M,1989-11-30
10638,1960-11-04,Jenwei,Borovoy,M,1991-05-19
11098,1953-09-11,Arnd,Covnot,F,1990-04-02
11844,1953-10-30,Shawna,Demeyer,M,1988-01-27
11497,1957-01-20,Bodh,Brodie,F,1992-04-30
10955,1959-02-24,Urs,Danley,F,1986-09-27
11215,1959-03-30,Rimon,Sury,F,1992-10-17
11549,1961-09-25,Guoxiang,Juneja,M,1985-05-06
11521,1952-06-14,Eldridge,Eastman,F,1995-10-17
10687,1961-07-25,Leon,Kaiser,F,1990-03-13
10558,1964-10-08,Hisao,Famili,M,1990-04-06
11350,1956-10-22,Zito,Moehrke,M,1985-07-21
10912,1952-07-27,Oscal,Fasbender,M,1986-04-23
11201,1952-05-20,Jouko,Masaki,M,1995-10-31
11645,1957-04-21,Olivera,Setia,M,1985-06-10
10723,1964-01-14,Eckart,Harnett,F,1993-05-26
10256,1960-12-02,Irene,Radhakrishnan,M,1985-10-12
10412,1958-02-26,Masoud,Fabrizio,F,1986-05-06
11409,1958-05-02,Martial,Siepmann,F,1996-11-23
10916,1962-01-03,Make,Spataro,M,1996-07-01
10734,1954-07-06,Sachar,Erdi,M,1985-04-03
10839,1964-04-02,Gurbir,Katiyar,M,1991-10-05
11269,1962-04-02,Garnik,Slutz,M,1992-11-22
11265,1962-04-07,Marco,DasSarma,M,1987-05-01
11299,1961-02-06,Christfried,Tokunaga,M,1985-04-27
10349,1954-04-29,Oksana,Brodie,F,1991-09-28
11736,1953-08-21,Shugo,Uchoa,M,1990-03-25
11807,1955-12-25,Chriss,Binding,F,1992-07-11
10587,1962-03-04,Behnaam,Srimani,F,1989-09-20
10572,1960-10-10,Cordelia,Axelband,X,1988-02-16
11085,1953-09-08,Hailing,Thummel,M,1986-11-27
10363,1953-11-28,Toshiki,Muniz,X,1985-09-11
10717,1956-01-27,Serap,Tasistro,M,1987-06-27
10854,1954-08-11,Jagoda,Nannarelli,M,1998-07-13
10820,1956-11-12,Baocai,Pena,F,1986-02-23
10190,1964-12-11,Arve,Fairtlough,F,1986-06-23
10640,1958-11-09,Anneke,Meszaros,M,1992-12-04
11406,1955-04-11,Eberhardt,Gini,F,1989-03-13
11938,1954-01-14,Aruna,Verspoor,M,1994-07-15
11302,1955-06-20,Shem,Senzako,M,1991-07-01
11040,1961-11-07,Cristinel,Denna,F,1988-01-22
10301,1962-08-26,Lucien,Staudhammer,M,1988-13-23
10447,1962-10-24,Ronghao,Yavatkar,F,1988-12-29
10138,1955-04-24,Perry,Shimshoni,M,1986-09-18
11447,1961-07-23,Rasiah,Billawala,M,1985-09-18
10386,1956-11-09,Eishiro,Miyakawa,F,1985-08-02
11905,1956-01-11,Sadegh,Vural,F,1987-03-30
11623,1964-03-18,Becky,Jullig,M,1990-03-05
11711,1959-06-15,Xianlong,Kuzuoka,M,1989-07-28
10034,1962-12-29,Bader,Swan,M,1988-09-21
11911,1952-07-08,Ashish,Mondadori,M,1990-06-05
10637,1954-07-11,Heejo,Frolund,M,1993-07-11
10393,1958-03-24,Yagil,DasSarma,M,1989-06-23
11043,1961-03-04,Iara,Range,M,1993-06-25
10095,1965-01-03,Hilari,Morton,M,1986-07-15
11365,1953-11-17,Toshimi,Shinomoto,M,1988-04-02
10651,1958-12-31,Zijian,Maginnis,M,1985-08-07
10607,1964-11-30,Rosalyn,Hambrick,F,1990-06-18
11717,1956-06-11,Mona,Chaudhury,F,1990-09-10
10887,1953-01-16,Lunjin,DeMori,M,1989-03-16
10522,1955-07-24,Marke,Cesareni,F,1986-12-12
102L1,1958-07-01,Ortrud,Murillo,M,1988-06-12
10811,1954-06-29,Ashish,Fortenbacher,M,1997-07-08
10062,1961-11-02,Anoosh,Peyn,M,1991-08-30
10945,1959-09-25,Kazuhiro,Kushnir,F,1990-07-04
11849,1958-05-06,Chenye,Homond,M,1991-08-27
11056,1955-10-24,Palash,Speel,F,1992-08-19
11738,1954-12-13,Tadahiro,Lichtman,M,1986-06-19
10061,1962-10-19,Tse,Herber,M,1985-09-17
10338,1961-02-12,Heon,Ranai,M,1988-09-01
10220,1958-05-25,Kish,Fasbender,F,1992-06-25
10364,1954-09-21,Nakhoon,Dengi,M,1985-11-14
10731,1952-11-17,Fumitaka,Peak,M,1987-02-20
10525,1963-03-29,Yuchang,Lunt,M,1990-07-08
10801,1953-03-05,Uinam,Zschoche,M,1994-06-27
11740,1962-05-21,Isaac,Pero,M,1986-09-03
11189,1953-03-07,Dante,Bodoff,F,1991-9-07
10207,1955-05-28,Girolamo,Anandan,F,1992-10-11
11841,1955-04-21,Elvia,Bugrara,M,1992-09-07
11992,1958-01-17,Shahid,Ranai,M,1988-09-02
11540,1954-01-26,Chanjung,Portugali,M,1993-02-09
10281,1953-05-13,Moty,Kusakari,M,1994-12-03
11287,1963-08-16,Sreenivas,Farrag,M,1987-08-12
10907,1963-09-26,JiYoung,Luks,M,1988-12-25
10664,1962-06-02,Xumin,Peck,M,1989-12-24
10396,1955-08-21,Sibyl,Rahier,M,1986-01-11
11379,1961-10-14,Guiseppe,Chenoweth,M,1994-06-24
10268,1958-06-03,Nishit,Siochi,M,1986-12-17
11131,1964-02-18,Weiye,Zambonelli,M,1993-07-07
10436,1963-06-17,Yahiko,Lammel,M,1988-01-30
11769,1953-07-17,Chandrasekaran,Lampe,M,1988-02-15
10107,1956-06-13,Dung,Baca,F,1994-03-22
11005,1958-03-12,Byong,Douceur,F,1986-07-27
10757,1961-01-11,Florina,Simkin,M,1986-01-06
11796,1963-05-24,Sachem,Egerstedt,M,1989-01-23
11471,1961-03-24,Subhada,Champarnaud,F,1987-04-26
10453,1953-07-19,Tsvetan,Matzel,F,1985-04-02
11254,1954-12-14,Danel,Rindone,X,1998-12-19
10577,1957-09-20,Ennio,Schmiedel,M,1990-08-18
11783,1959-06-19,Mihalis,Macedo,F,1994-07-14
10333,1953-04-27,Snehasis,Dymetman,M,1993-01-16
10565,1961-11-05,Yishay,Harnett,M,1992-01-09
11784,1958-01-15,Sastry,Bael,M,1995-12-07
11935,1963-03-23,Aamer,Jayawardene,M,1996-10-26
10476,1965-01-01,Kokou,Iisaka,M,1987-09-20
11887,1957-05-25,Marke,Kragelund,M,1994-10-17
11984,1962-06-04,Vasilii,Luit,F,1990-02-15
10547,1963-05-12,Snehasis,Brobst,M,1988-02-14
10580,1956-05-28,Christoper,Rehfuss,M,1987-09-11
10426,1955-12-28,Arunas,Luce,N,1985-07-06
10191,1959-04-08,Zdislav,Nastansky,M,1986-04-10
11415,1953-10-29,Sanjiv,Anido,M,1987-03-03
11896,1953-06-14,Shaunak,Benzmuller,M,1990-07-04
10101,1952-04-15,Perla,Heyers,F,1992-12-28
10550,1959-08-03,Manton,Leuchs,M,1985-02-03
11682,1963-03-13,Dante,Zumaque,M,1986-11-27
11576,1961-06-20,Lakshmi,Demizu,M,1986-11-25
10495,1961-05-24,Anyuan,Zhiwei,F,1985-09-29
10400,1961-12-16,Ortrud,Nitto,M,1993-10-17
11579,1962-06-01,Jinxi,Merel,F,1988-04-25
10847,1952-03-04,Theirry,Danley,M,1986-07-25
10841,1961-10-14,Pranav,Lieberherr,M,1990-04-21
11919,1959-01-20,Hyuncheol,Hedayat,F,1990-10-28
10688,1964-02-28,Xiaopeng,Lanphier,F,1985-03-25
10751,1952-12-02,Jordanka,Ushiama,M,1987-04-15
11239,1957-02-27,Gurbir,Kenevan,X,1985-06-25
11785,1960-12-15,Hongzhu,Kalsbeek,M,1987-02-19
10520,1964-03-06,Jenwei,Ecklund,M,1994-03-27
11995,1962-01-30,Lenore,Comyn,M,1986-07-26
11933,1953-08-15,Basil,Erman,M,1987-06-13
11117,1958-06-29,Bluma,Kavvadias,M,1944-08-22
10701,1961-09-30,Hyuncheol,Zolotykh,M,1986-10-27
10707,1957-06-04,Moty,Trystram,M,1990-12-24
10616,1958-05-05,Tommaso,Marwedel,F,1988-03-10
10597,1961-05-07,Lucien,Schaad,F,1990-04-01
10435,1957-10-12,Marsha,Tagansky,M,1986-12-19
11355,1962-09-12,Shim,Gecsei,M,1993-11-29
10590,1963-10-01,Yongqiao,Kalloufi,M,1986-04-09
11488,1962-11-18,Houman,Veldwijk,M,1987-08-25
10620,1959-11-23,Marit,Veeraraghavan,M,1990-11-10
10033,1956-11-14,Arif,Merlo,M,1987-03-18
11083,1954-07-09,Shimshon,Ducloy,M,1989-11-27
11128,1956-06-16,Shunichi,Pusterhofer,F,1988-10-04
11314,1958-12-28,Vasiliy,Jenevein,F,1990-04-10
10816,1958-02-24,Morris,Caine,F,1989-06-27
11988,1953-08-10,Chinya,Chinin,F,1985-11-03
11416,1957-12-18,Zijian,Oxman,M,1987-09-21
11702,1956-01-22,Radhia,Kriebel,X,1988-09-18
11012,1953-09-12,Taegyun,Speckmann,F,1986-12-28
11868,1954-03-02,Kwee,Demke,M,1989-12-08
11073,1959-05-28,Yuriy,Clemencon,M,1986-08-18
11151,1958-06-27,Gor,Reinhard,M,1985-03-20
11854,1959-02-11,Fabrizio,Gire,F,1992-06-30
10143,1961-07-16,Sakthirel,Bakhtari,M,1988-09-30
10622,1959-09-15,Turgut,Narlikar,M,1989-01-28
10893,1960-01-30,Danil,Kropatsch,M,1989-08-23
11724,1960-06-06,Falguni,Hammerschmidt,F,1985-09-03
10626,1957-06-26,Danil,Deverell,M,1996-12-03
11370,1956-12-21,Marek,Erie,M,1989-08-22
10445,1957-01-10,Junichi,Kavanagh,X,1987-11-04
10533,1963-06-25,Mohamadou,Smailagic,F,1986-10-31
11103,1960-12-10,Sanjai,Penttonen,M,1989-03-15
10765,1961-02-24,Goetz,Norsworthy,M,1994-05-07
11152,1962-11-13,Georgy,Walstra,F,1988-02-18
10004,1954-05-01,Chirstian,Koblick,M,1986-12-01
10315,1956-08-03,Maris,Angelopoulos,M,1987-08-28
11440,1964-12-07,Lubomir,Jahnichen,X,1987-11-06
10653,1953-06-16,Otmar,Feinberg,M,1987-04-30
11223,1958-11-10,Weicheng,Crelier,M,1985-05-16
11218,1953-06-03,Kirk,Hemaspaandra,M,1994-04-06
11519,1954-11-26,Halsur,Chinen,F,1989-11-09
11654,1961-06-04,Jianhui,Zwicker,M,1988-12-24
10519,1955-12-28,Yonghoan,Alencar,F,1986-03-22
10905,1961-04-30,Jianhui,Aloia,M,1985-02-28
10409,1958-08-28,Mario,Straney,M,1997-07-09
11327,1959-07-20,Irena,Krohm,M,1990-05-02
10842,1961-08-29,Berni,Sanella,F,1986-07-14
10442,1955-09-09,Volkmar,Unno,M,1988-03-13
10131,1952-02-19,Magdalena,Eldridge,M,1994-11-17
10007,1957-05-23,Tzvetan,Zielinski,F,1989-02-10
11616,1954-07-12,Zhilian,Brendel,F,1991-01-15
10027,1962-07-10,Divier,Reistad,F,1989-07-07
11624,1955-05-16,Adil,Gammage,X,1988-04-05
11294,1954-06-11,Tru,Segond,F,1989-06-13
11916,1956-03-15,Fatemeh,Redmiles,M,1988-07-22
11412,1963-02-25,Werner,Demeyer,M,1987-06-08
10618,1963-08-03,Ranga,Yeung,F,1988-11-27
10011,1953-11-07,Mary,Sluis,F,1990-01-22
10962,1956-08-23,Naraig,Kugler,F,1986-12-16
11248,1956-11-08,Uinam,Tsukuda,M,1997-02-03
11340,1952-12-04,Aris,Bala,M,1991-09-11
11723,1962-12-22,Halsur,Bauknecht,F,1992-09-26
11756,1955-02-24,Abdelwaheb,Vakili,M,1996-10-17
10643,1957-07-25,Slavian,Keirsey,M,1987-11-11
10366,1960-01-25,Morrie,Piazza,M,1994-04-11
10064,1959-04-07,Udi,Jansch,M,1985-11-20
10236,1960-03-26,Susumu,Bade,F,1996-08-30
11652,1964-10-20,Jeanne,Beutelspacher,F,1988-06-07
10397,1955-11-11,Irena,Reutenauer,M,1993-05-21
11278,1956-12-15,Sumali,Juneja,M,1986-04-22
10882,1953-11-01,Fun,Heuser,M,1994-11-29
10806,1958-10-17,Giap,Matzel,M,1993-04-25
10570,1958-10-30,Alassane,Morrin,M,1985-05-05
11748,1953-03-07,Lihong,Massonet,M,1992-12-20
11405,1960-09-22,Clyde,Kobuchi,F,1993-04-14
11701,1960-05-15,Doowon,Ermel,X,1989-10-10
10871,1952-10-24,Aram,Gilg,M,1989-02-15
10308,1961-03-14,Dzung,Holburn,F,1992-12-29
11607,1953-12-03,Tomokazu,Foong,F,1987-09-12
10036,1959-08-10,Adamantios,Portugali,M,1992-01-03
11830,1956-12-01,Maya,Snedden,F,1986-07-15
10273,1962-08-29,Baocai,Lieblein,M,1985-11-06
11494,1959-07-27,Neelam,Kabayashi,X,1991-02-14
11706,1961-06-17,Tesuya,Remmers,X,1996-02-02
11288,1953-03-23,Domenico,Eastman,F,1989-01-22
11751,1953-02-02,Jiafu,Emiris,M,1988-11-03
10060,1961-10-15,Breannda,Billingsley,M,1987-11-02
10017,1958-07-06,Cristinel,Bouloucos,F,1993-08-03
11715,1959-12-08,Arnd,Albarhamtoshy,F,1989-03-11
10733,1962-04-06,Sangeeta,Rodham,F,1996-02-20
11482,1964-10-16,Uri,Deverell,F,1991-04-03
11825,1961-12-12,Theirry,Kuzuoka,F,1987-05-02
11445,1963-01-02,Lijie,Denny,M,1997-04-25
11562,1953-06-22,Rimli,Alencar,M,1988-06-30
10950,1958-12-07,Sushant,Staylopatis,M,1996-06-08
11550,1962-08-27,Divine,Georgakopoulos,M,1997-12-16
11969,1957-08-27,Sibyl,Lorcy,M,1994-09-27
11386,1954-09-27,Alselm,Assaf,F,1987-11-30
11206,1954-07-14,Steen,Sury,X,1993-05-07
11669,1957-03-03,Leah,Anguita,M,1986-04-07
10277,1964-08-15,Isaac,Schwartzbauer,M,1985-06-16
10493,1962-01-12,Maris,Haraldson,M,1992-05-16
11804,1258-02-28,Bikash,Rusterholz,M,1986-09-16
11413,1961-06-09,Yannik,Murillo,M,1987-05-04
10379,1957-03-02,Mikhail,Rosis,M,1996-07-15
11691,1959-01-08,Pragnesh,Borovoy,M,1989-04-04
10975,1962-07-27,Peternela,Birnbaum,F,1986-10-31
11502,1959-03-24,Zhaofang,Cochrane,X,1991-06-04
10166,1953-05-10,Samphel,Siegrist,F,1993-01-01
11878,1960-10-06,Oldrich,Henders,F,1990-03-20
10456,1963-01-24,Stepehn,Hardjono,F,1995-12-25
11789,1962-05-12,Udi,Khasidashvili,M,1989-08-18
10993,1958-11-17,Arve,Erde,F,1992-05-29
10518,1963-05-23,Marin,Lanphier,M,1993-09-03
11681,1952-05-15,Fumitake,Benzmuller,F,1987-01-21
10650,1959-04-09,Hongzhu,Chepyzhov,M,1992-10-04
11690,1953-11-10,Domenick,Raczkowsky,M,1997-09-23
10534,1964-10-23,Dinah,Bahl,M,1989-01-15
11622,1962-10-14,Moon,Ginneken,M,1990-11-09
10078,1959-12-25,Danel,Mondadori,F,1987-05-26
11110,1955-12-11,Valeska,Birjandi,F,1987-11-14
10042,1956-02-26,Magy,Stamatiou,F,1993-03-21
11501,1952-03-26,Karsten,Ranum,F,1988-12-14
10163,1952-09-17,Karsten,Szmurlo,M,1989-07-19
11084,1955-07-03,Greger,Senzako,M,1990-05-31
11378,1959-07-30,Masamitsu,Katiyar,F,1986-01-03
10764,1953-01-12,Yunming,Beetstra,F,1989-11-27
11614,1964-12-06,Moni,Peha,M,1986-03-08
10271,1962-04-24,Sham,Eastman,M,1986-05-23
11977,1956-01-06,Chandrasekaran,Dayang,F,1989-05-30
10247,1964-06-30,Heon,Riefers,F,1992-08-14
11403,1962-12-12,Baocai,Soicher,X,1989-08-03
10126,1954-08-07,Kayoko,Valtorta,M,1985-09-08
10649,1956-03-25,Vitali,Welham,M,1997-09-10
10494,1953-12-21,Yakkov,Servieres,F,1986-01-18
10174,1959-05-15,Badri,Furudate,M,1987-06-01
10760,1963-05-27,Phillip,Dratva,M,1994-06-15
11337,1964-07-31,Hercules,Brendel,F,1994-11-20
11968,1964-08-13,Mitchel,Dayang,M,1993-02-15
11865,1957-01-08,Kasturi,Rodham,M,1994-05-24
10343,1954-11-01,Dinah,Syrzycki,M,1993-10-14
11339,1954-06-05,Flemming,Massonet,M,1987-05-09
10949,1953-08-14,Shigeichiro,Wroclawski,F,1990-03-13
10009,1952-04-19,Sumant,Peac,F,1985-02-18
10290,1957-05-29,Yongmao,Pleszkun,M,1991-09-18
10089,1963-03-21,Sudharsan,Flasterstein,F,1986-08-12
10866,1959-12-13,Fayez,Yeung,F,1990-12-27
11373,1953-07-29,Yongmao,Keohane,F,1989-10-28
11822,1954-08-30,Sastry,Madeira,F,1989-05-26
11877,1953-06-15,Heng,Sudkamp,F,1994-01-27
10229,1952-02-10,Ulises,Takanami,M,1987-11-22
10085,1962-11-07,Kenroku,Malabarba,X,1994-04-09
11281,1959-01-14,Vincent,Brookner,M,1988-02-03
11731,1961-04-07,Fumitaka,Gargeya,M,1993-12-23
10967,1962-10-01,Eran,Adachi,M,1993-08-01
10940,1953-01-07,Aleksander,Fioravanti,F,1994-12-02
11006,1962-12-26,Christoper,Butterworth,F,1989-08-02
11909,1956-11-23,Yuichiro,Kobuchi,M,1987-02-13
10054,1957-04-04,Mayumi,Schueller,M,1995-03-13
11002,1952-02-26,Bluma,Ulupinar,M,1996-12-23
10636,1955-08-25,Saeko,Porotnikoff,F,1994-11-16
11928,1959-09-01,Mang,Wroclawski,M,1992-06-24
10762,1965-01-19,Lech,Himler,M,1992-01-21
11106,1955-02-23,Aris,Iwayama,F,1985-08-31
10559,1956-01-18,Arumugam,Comellas,F,1988-01-06
11321,1959-06-25,Heping,Fontan,M,1995-03-18
10539,1959-05-13,Yucel,Reinhard,M,1990-06-05
10535,1961-05-19,Shalesh,Stroustrup,F,1985-02-21
10388,1953-03-29,Hironoby,Kaiser,M,1996-03-24
10334,1958-04-02,Falguni,Erie,M,1996-12-28
10462,1956-04-08,Sumali,Schlenzig,M,1996-03-25
11779,1952-06-07,Shunichi,Thombley,X,1990-05-06
10708,1959-07-02,Aral,Erman,M,1996-05-18
10791,1954-05-27,Tadahiko,Sgarro,M,1988-07-30
11351,1957-01-01,Kristina,Vasanthakumar,F,1998-11-20
11483,1959-01-30,Zine,Mateescu,M,1993-12-02
10172,1957-03-25,Shigeu,Matzen,F,1995-10-13
11062,1956-11-07,Shay,Rettelbach,F,1990-10-18
11017,1959-11-23,Jovan,Sanella,F,1992-07-28
10433,1954-09-02,Reuven,Dengi,M,1989-02-14
10091,1955-10-04,Amabile,Gomatam,M,1992-11-18
11393,1954-05-17,Junsik,Junot,M,1985-04-30
11443,1962-05-30,Szabolcs,Nivat,M,1989-08-15
10712,1952-04-12,Uma,Koprowski,F,1994-08-18
10689,1958-09-13,Satoru,Otillio,M,1988-08-05
10394,1957-05-22,Shawna,Meriste,M,1991-03-14
10434,1959-07-17,Dzung,Peltason,F,1995-06-27
11993,1955-10-29,Marit,Dalphin,M,1986-06-25
10284,1954-04-08,Masali,Murrill,F,1997-07-02
11150,1956-05-13,Geraldo,Garigliano,F,1989-05-01
10203,1955-07-27,Steen,Escriba,M,1989-04-06
10499,1953-10-04,Maik,Luft,X,1989-11-23
10319,1963-03-09,Mechthild,Miyakawa,M,1985-08-15
10376,1959-02-12,Fai,Bale,X,1989-01-14
10883,1952-07-30,Shimshon,Champarnaud,M,1987-11-07
10571,1963-12-10,Fun,Varman,M,1985-02-24
11155,1961-11-08,Moon,Yetto,F,1990-09-08
10048,1963-07-11,Florian,Syrotiuk,M,1985-02-24
11078,1959-12-10,Beshir,Chenoweth,M,1990-01-07
10102,1959-11-04,Paraskevi,Luby,F,1994-01-26
11354,1957-11-01,Tianruo,Stasinski,-,1987-06-23
10774,1958-10-03,Jacqueline,Masand,M,1990-01-26
10680,1962-10-11,Kish,Honglei,M,1986-06-20
11586,1963-08-02,Shridhar,Orsini,M,1997-09-09
11255,1957-11-25,Ortrud,Karunanithi,F,1986-10-08
10454,1961-01-22,Wonhee,Badr,M,1987-04-10
11931,1952-10-30,Gunilla,Chiodo,F,1988-10-03
10694,1955-12-16,Rildo,Straney,M,1988-01-26
11283,1964-02-25,Shmuel,Codenie,X,1987-06-30
11375,1960-08-13,Dmitri,Noriega,M,1985-05-27
11671,1957-08-18,Pranjal,Babu,F,1986-12-31
11954,1959-06-02,Hidde,Krupka,M,1988-07-11
11853,1952-06-19,Zeljko,Kusakabe,F,1988-11-17
11194,1957-10-18,Giap,Tempesti,M,1987-10-25
11666,1959-07-10,Uno,Chimia,M,1985-02-21
11228,1956-12-26,Utz,Puoti,F,1987-03-19
11418,1954-03-21,Satosi,Cooley,X,1991-07-27
11884,1963-04-10,Patricia,Moehrke,M,1998-06-18
11546,1964-12-22,Duro,Vuskovic,M,1987-06-30
10443,1952-12-03,Shichao,Litvinov,F,1989-08-01
10930,1954-01-13,Arch,Minakawa,M,1990-08-09
11730,1959-08-20,Tzu,Delaune,M,1997-10-10
10427,1958-08-13,Khosrow,Sudbeck,F,1991-11-01
11574,1960-12-07,Candida,Tyugu,M,1988-06-15
11496,1963-08-20,Toshimo,Marakhovsky,F,1986-04-14
11446,1954-06-20,Naftali,Narahara,M,1989-02-09
11700,1959-03-01,Makato,Delgrossi,F,1988-09-18
10575,1954-06-29,Theirry,Yeung,M,1988-10-04
11580,1956-04-05,Chanjung,Tanemo,M,1985-07-06
10827,1953-09-25,Willard,Danley,M,1996-11-07
10039,1959-10-01,Alejandro,Brender,M,1988-01-19
10204,1956-12-09,Nevio,Ritcey,F,1986-12-04
10543,1962-10-06,Lein,Lichtman,M,1998-10-16
10324,1957-12-29,Bernardo,Rouquie,F,1988-03-19
11547,1960-03-30,Kyoichi,Flexer,X,1991-01-18
11182,1962-10-29,Tze,Steinauer,M,1987-08-31
11271,1959-09-01,Hidde,Rajaraman,F,1987-01-16
10357,1964-01-10,Hausi,Sidhu,M,1994-04-04
11058,1962-04-24,Shigeaki,Cyre,M,1985-06-07
10735,1964-09-12,Morrie,Gewali,M,1985-10-29
11468,1955-12-02,Navin,Maksimenko,F,1996-03-19
10797,1956-10-04,Goetz,Hiyoshi,F,1988-08-21
10264,1958-09-08,Nalini,Kawashimo,F,1997-07-16
11889,1956-06-11,Guiseppe,Baez,M,1996-12-25
10544,1962-02-01,Ishfaq,Krzyzanowski,F,1995-04-29
10813,1954-07-04,Shalesh,Shumilov,M,1990-04-27
10259,1964-11-24,Susanna,Vesel,M,1986-06-25
10681,1964-12-25,Florina,Garnier,M,1992-10-25
10985,1952-05-31,Chiradeep,Furedi,F,1990-12-10
10562,1963-04-17,Shuky,Pearson,M,1996-07-06
11232,1955-09-03,Hidefumi,Crelier,M,1988-02-02
10327,1954-04-01,Roded,Facello,M,1987-09-18
11477,1955-05-15,Fox,Narahari,M,1985-09-10
10908,1961-11-27,Rajmohan,Koblick,M,1985-10-08
11262,1962-12-24,Bokyung,Melski,M,1994-04-30
11402,1957-02-09,Freyja,Brizzi,M,1985-03-10
10508,1962-06-02,Kotesh,Liedekerke,M,1991-05-01
10497,1953-06-09,Pramod,Rabehasaina,M,1992-01-22
10498,1964-09-15,Valter,Cappelletti,F,1988-02-01
11227,1956-01-31,Dayanand,Figueira,M,1985-03-08
10870,1956-07-23,Shahid,Leppanen,F,1988-01-13
11011,1956-06-13,Moti,Hofstetter,M,1989-11-06
10506,1958-10-06,Kazuhisa,Kroll,F,1996-12-01
10133,1963-12-12,Giri,Isaak,M,1985-12-15
10162,1957-10-05,Florina,Eugenio,M,1991-05-01
11230,1956-12-28,Yakichi,Tzvieli,M,1990-12-06
11948,1952-02-21,Yahiko,Nergos,F,1990-01-12
10311,1958-11-24,Hsiangchu,Molenkamp,F,1991-04-01
11859,1959-07-31,Ipke,Muhlberg,M,1988-03-01
10586,1954-06-23,Kirk,Vuskovic,M,1992-02-04
10223,1963-09-17,Carrsten,Schmiedel,F,1985-11-18
10874,1958-01-18,Mahmut,Borstler,M,1986-04-22
10964,1962-04-02,Takushi,Bolsens,F,1990-10-11
11449,1955-03-30,Kotesh,Asser,M,1986-08-27
11089,1955-02-18,Conal,Henders,F,1994-08-13
11275,1955-10-18,Hitomi,Eppinger,F,1987-05-26
10748,1964-04-12,Yuchang,Francisci,F,1990-08-14
11797,1954-08-12,Chenxi,Thambidurai,M,1988-08-30
11620,1962-02-24,Kwangho,Gadepally,M,1985-10-16
11016,1957-05-25,Sibyl,Rajaraman,M,1988-08-10
10093,1964-06-11,Sailaja,Desikan,M,1996-11-05
11983,1953-01-04,Jaana,Hedayat,X,1986-10-11
11434,1956-09-14,Prodip,Brendel,M,1992-10-18
10065,1963-04-14,Satosi,Awdeh,M,1988-05-18
10337,1957-12-10,Jeong,Sadowsky,M,1995-08-06
10977,1957-03-19,Toong,Murrill,M,1987-08-10
11699,1958-12-17,Fumiya,Desikan,M,1994-01-20
11823,1954-09-25,Weiyi,Iacovou,M,1995-10-23
10753,1958-09-30,Pradeep,Harbusch,F,1985-05-17
10371,1959-02-10,Ioana,Kirkerud,M,1989-11-28
11572,1957-06-01,Vidya,Quittner,M,1985-02-28
10029,1956-12-13,Otmar,Herbst,M,1985-11-20
10430,1958-06-30,Ferdinand,Chenney,M,1990-11-16
11903,1961-01-02,Aiichiro,Vilarrasa,M,1990-12-09
10487,1956-08-23,Perla,Middleton,F,1992-08-14
11177,1954-04-09,Chrisa,dAstous,M,1998-04-05
10958,1958-11-07,Huican,Katalagarianos,M,1988-11-27
11457,1959-02-06,Marl,Vesna,M,1991-02-10
11568,1955-12-01,Martins,Fujisaki,M,1987-07-28
10257,1957-09-12,Aiman,Riexinger,M,1986-08-05
10876,1955-08-05,Vincent,Papastamatiou,F,1995-01-29
10185,1959-12-05,Duro,Sidhu,F,1986-03-01
11272,1961-12-23,Frederique,Molenkamp,M,1987-07-05
11778,1953-04-23,Dhritiman,Fontan,F,1992-12-28
10660,1964-01-03,Jouko,Kolinko,X,1988-08-12
11803,1957-12-10,Arnd,Perko,F,1993-03-25
11918,1956-02-18,Mayuri,Pollacia,F,1987-03-19
10838,1957-10-19,Deniz,Ramras,X,1990-04-11
11414,1952-08-08,Eishiro,Pearson,X,1989-01-02
10452,1956-11-24,Werner,Hasham,M,1988-09-05
10776,1958-01-27,Mahmut,Skafidas,F,1986-03-16
10372,1952-04-08,Anneli,Frijda,F,1985-07-30
11122,1964-08-12,Aleksandar,Randi,F,1993-10-08
11140,1957-04-30,Elgin,Gihr,M,1993-07-04
11499,1957-07-02,Peternela,Chartres,F,1989-03-08
11697,1957-12-20,JoAnne,Merey,F,1999-11-06
10258,1955-12-12,Basil,Ishibashi,X,1985-05-17
10576,1957-08-23,Xiaoqiu,Krychniak,M,1988-05-17
10245,1962-08-23,Ramalingam,Gente,F,1985-04-26
10022,1952-07-08,Shahaf,Famili,M,1995-08-22
10147,1964-10-13,Kazuhito,Encarnacion,W1986-08-21
11059,1962-05-26,Shawna,Jarecki,F,1986-11-17
11742,1957-03-15,Vasilis,Narwekar,F,1996-04-12
10641,1953-12-24,Guozhong,Zucker,X,1993-03-21
11729,1957-04-12,Xiong,Engberts,M,1993-05-20
10742,1955-03-13,Shim,Wiegley,M,1991-01-03
10530,1956-07-19,Boriana,Coors,F,1987-09-23
11668,1957-11-23,Hiroyasu,Wursthorn,M,1985-10-30
10741,1954-01-02,Sven,Huttel,F,1989-01-06
10591,1952-12-22,Hidde,Hettesheimer,F,1987-06-18
10710,1962-12-25,Sorina,Kermarrec,M,1992-01-10
11747,1953-11-27,Aksel,Kossowski,M,1986-02-20
11767,1960-01-24,Ortrud,Kusakabe,M,1985-06-24
11331,1959-10-15,Kasturi,Fraisse,F,1987-03-03
10703,1958-06-13,Giri,Baumann,F,1996-05-12
11573,1952-12-18,Pranas,Hutton,F,1990-02-04
10873,1952-07-09,Sukumar,Wegerle,M,1994-03-23
10318,1958-08-27,Mototsugu,Beilner,F,1985-06-29
10199,1959-04-07,Kazuhisa,Ranta,M,1997-04-29
11845,1957-08-28,Lein,Validov,F,1991-07-23
11366,1961-01-15,Yinlin,Rajaraman,M,1993-02-09
10678,1958-08-21,Chriss,Gide,F,1987-08-02
11400,1962-11-28,Sverrir,Walstra,M,1989-02-09
10188,1956-07-13,Christ,Muchinsky,F,1987-08-27
11818,1960-07-08,Dmitry,Matteis,M,1987-08-14
11454,1961-08-07,Yolla,Zedlitz,M,1990-01-02
10848,1954-07-16,Fen,Bratsberg,F,1985-04-20
11998,1958-04-09,Conal,Juneja,M,1991-12-16
11810,1952-12-08,Amabile,Bhattacharjee,M,1987-03-17
11136,1964-06-01,Gladys,Luiz,M,1986-02-04
10325,1953-01-12,Arunachalam,Badr,M,1990-09-20
10139,1963-03-03,Ewing,Foong,F,1998-03-15
10218,1958-12-07,Zhenhua,Magalhaes,M,1997-01-15
11216,1963-02-22,Utz,Perng,M,1991-06-11
11506,1955-06-16,Rance,Picel,F,1986-07-01
10194,1954-01-29,Josyula,Hofmeyr,F,1989-05-15
11962,1959-03-17,Niranjan,Erde,F,1988-10-30
10482,1961-07-17,Goa,Pleszkun,F,1991-07-20
10367,1955-12-24,Hyuckchul,Gini,M,1991-06-24
11986,1963-01-12,Reinhard,Azuma,M,1991-08-06
10244,1961-10-24,Foong,Flasterstein,M,1985-12-23
11004,1954-08-05,JoAnna,Decleir,F,1992-01-19
10831,1953-10-11,Toong,Driscoll,X,1996-06-21
10700,1962-11-30,Angel,Mondadori,M,1987-04-02
10625,1958-02-08,Leszek,Petereit,F,1985-10-31
11882,1960-09-09,Zhonghua,Manders,F,1991-09-18
10227,1957-07-04,Anneli,Kaiser,M,1994-04-24
11295,1953-02-03,Abdelkader,Lanzelotte,M,1985-05-15
11952,1956-04-11,Mayuko,Munro,F,1995-12-19
10051,1953-07-28,Hidefumi,Caine,M,1992-10-15
10446,1960-02-08,Ebru,Chepyzhov,X,1994-11-17
10987,1952-11-26,Flemming,Baezner,M,1995-12-19
10038,1960-07-20,Huan,Lortz,M,1989-09-20
10314,1961-05-04,Christfried,Apsitis,X,1986-01-16
10413,1952-05-05,Danel,Impagliazzo,F,1990-03-26
11656,1963-01-08,Aimee,Muniz,F,1992-03-10
10302,1954-10-11,Faiza,Baer,F,1986-07-22
11348,1962-04-26,Vishu,Kroll,F,1988-05-17
10117,1961-10-24,Kiyotoshi,Blokdijk,F,1990-05-28
10176,1957-01-24,Brendon,Lenart,F,1994-12-22
10659,1956-12-09,Dinah,Shackel,F,1991-09-20
11022,1964-02-02,Apostol,Pintelas,F,1988-08-01
10500,1957-04-29,Vojin,Narwekar,M,1996-12-16
11632,1956-01-15,Baoqiu,Bach,X,1990-12-29
10281,1953-05-13,Moty,Kusakari,M,1994-12-03
11332,1956-02-26,Gunilla,Coney,M,1989-09-27
10662,1959-10-17,Arto,Serra,F,1986-09-28
10647,1960-01-12,Tesuro,Bahk,M,1995-09-28
10763,1962-04-15,Giap,Bolsens,M,1987-02-23
11130,1953-01-17,Xinyu,Menhoudj,M,1993-06-07
10966,1962-07-04,Danel,Pardalos,M,1989-11-07
10598,1957-11-10,Margo,Gronowski,M,1989-03-31
11421,1953-11-07,Josyula,Msuda,F,1986-09-02
10917,1956-05-10,Tesuya,Slaats,F,1987-12-03
11994,1953-02-11,Sigeru,Fiebach,Z,1993-11-11
10566,1958-01-30,Jianhui,Zuberek,F,1988-03-19
11407,1962-01-11,Thanasis,Thebaut,M,1991-05-06
11498,1957-07-21,Shigenori,Rabehasaina,M,1994-01-19
11589,1955-01-10,Gina,Plessier,F,1994-02-23
10984,1962-11-10,Pranjal,Billawala,F,1988-07-09
11638,1964-04-28,JoAnne,Falco,M,1986-03-30
11713,1952-02-27,Danel,Heusch,M,1994-10-04
11950,1959-03-18,Horward,Cichocki,F,1987-10-23
11208,1952-05-29,Saniya,Valtorta,F,1988-08-26
10850,1963-01-01,Florina,Schapire,F,1990-04-22
10834,1954-12-16,Huiqun,Rajcani,M,1990-11-24
11347,1954-12-27,Anneli,Jonsson,M,1986-04-20
10450,1959-11-05,Khun,Harbusch,M,1990-01-17
11264,1964-03-15,Uma,Oehlmann,F,1986-10-09
11603,1954-12-07,Herb,Swen,F,1985-04-13
11092,1954-09-28,Narain,Stamatiou,M,1992-03-30
10293,1956-11-24,Mihalis,Avouris,F,1992-12-12
10879,1953-08-18,Muzhong,Chleq,F,1985-08-15
11359,1958-07-04,Subhrajyoti,Jayawardene,F,1989-08-14
11313,1962-06-21,Paraskevi,Kusalik,M,1986-02-28
10286,1952-05-14,Saddek,Gopalakrishnan,F,1988-03-21
11297,1954-03-19,Geraldo,Levergood,M,1990-12-04
11199,1957-10-14,Ortrud,Srimani,F,1989-05-02
11771,1960-06-08,Arvin,Roisin,M,1988-11-22
11976,1960-01-11,Jacqueline,Barvinok,F,1986-10-08
10972,1961-10-05,Fumiko,Asser,F,1987-06-06
10471,1963-11-30,Jouko,Yamaashi,M,1990-11-18
10374,1955-10-08,Willard,Rosin,X,1993-12-08
11991,1961-10-15,Qunsheng,Esteva,M,1985-09-29
10579,1958-07-17,Aiman,Stentiford,M,1985-09-01
11020,1957-03-18,Weiwu,Encarnacion,M,1988-03-25
11926,1955-04-06,Leni,Felcyn,F,1998-09-18
10822,1956-08-02,Masaru,Passino,F,1986-01-11
10509,1953-10-03,Abdelwaheb,Riesenhuber,F,1990-02-23
10592,1964-08-01,Almudena,Alvarado,M,1990-06-05
10353,1953-01-15,Phule,Hammerschmidt,M,1989-08-24
11626,1958-01-31,Shim,Ducloy,M,1987-07-10
11163,1957-11-17,Djenana,Huttel,M,1993-02-24
10448,1963-12-10,Phule,Oxenboll,F,1992-03-12
11885,1962-05-20,Sandeepan,Velasco,M,1990-03-10
10971,1955-02-08,Isamu,Vadhan,M,1991-07-30
10214,1962-04-14,Tadahiko,Ciolek,M,1988-02-29
11388,1958-08-03,Rosine,Gerteisen,M,1985-12-20
11300,1952-12-14,Lillian,Fontet,M,1992-09-10
10574,1960-11-11,Salvador,Olano,F,1990-02-16
10178,1963-03-13,Valery,Litvinov,M,1986-10-07
11782,1962-04-02,Tesuro,Lanzelotte,M,1991-02-01
11487,1963-07-11,Arumugam,Cairo,M,1993-07-09
10317,1957-12-25,Arie,Birge,M,1986-12-10
10670,1962-04-23,Shunichi,McAffer,M,1988-03-23
11307,1963-11-08,Mohd,Dratva,M,1986-03-24
11592,1956-09-21,Hilary,Nishimukai,M,1991-12-14
10983,1961-08-09,Somnath,Parascandalo,F,1988-02-22
10352,1960-01-28,Erzsebet,Ohori,M,1996-01-21
11791,1955-11-07,Gal,Mamelak,F,1994-11-15
11806,1962-01-26,Shan,Leivant,M,1996-04-02
10092,1964-10-18,Valdiodio,Niizuma,F,1989-09-22
11833,1963-11-03,Yolla,Levasseur,F,1985-09-20
10173,1962-10-28,Shrikanth,Mahmud,M,1992-03-21
10954,1964-11-16,Ranga,Burnard,F,1990-08-07
10222,1962-09-21,Tze,Nourani,M,1986-06-08
10410,1965-01-19,Takahito,Gecsei,F,1993-10-16
10368,1956-03-25,Hatim,Koshiba,M,1991-04-05
11052,1960-03-16,Parto,Hitomi,F,1988-11-11
11196,1958-05-13,Gennadi,Breugel,M,1992-11-17
10384,1956-08-22,Feiyu,Luft,M,1986-01-16
10358,1953-04-08,Qunsheng,Tagansky,X,1991-02-19
10312,1957-06-18,Rasiah,Deyuan,F,1986-08-28
10046,1960-07-23,Lucien,Rosenbaum,M,1992-06-20
11153,57-02-01,Honglan,Simmen,M,90-02-13
11689,1957-10-23,Jixiang,Thisen,F,1986-12-26
10704,1960-04-08,Yolla,Kropatsch,M,1988-07-08
11099,1958-07-12,Woody,Spataro,M,1985-12-31
10153,1955-12-15,Heekeun,Majewski,M,1987-04-08
10116,1955-08-26,Dayanand,Czap,F,1985-05-28
10021,1960-02-20,Ramzi,Erde,M,1988-02-10
11319,1955-06-05,Pranas,Marrakchi,F,1986-10-03
11284,1961-03-25,Bernice,Felcyn,M,1985-04-25
10880,1962-02-11,Weiye,Nitsche,M,1986-04-20
11451,1955-05-05,Eben,Rajaraman,M,1990-05-20
10408,1964-03-17,Martijn,Kaiser,M,1998-10-07
10969,1954-09-05,Premal,Noriega,M,1988-08-22
11898,1964-10-29,Jinya,Piveteau,M,1988-04-24
11684,1953-03-07,Oksana,Gide,F,1986-02-21
10855,1957-08-07,Kwangho,Reinhart,M,1991-08-05
10589,1958-09-25,Subbu,Sanella,M,1994-01-26
11127,1956-08-26,Mayumi,Pashtan,M,1991-03-12
10736,1962-07-09,Gurbir,Hellwagner,F,1991-09-26
10068,1962-11-26,Charlene,Brattka,M,1987-08-07
10913,1952-09-03,Narain,Thummel,M,1992-06-25
11467,1958-11-21,Seshu,Bazelow,F,1947-06-16
11063,1958-10-19,Zhenbing,Gente,F,1996-01-09
10836,1953-07-15,Jianhua,Leivant,F,1985-07-26
10631,1955-05-17,Inderjeet,Chaudhuri,M,1988-02-16
11799A,1964-03-25,Duro,Silva,M,1986-03-03
11722,1957-08-08,Atreyi,Sudbeck,X,1997-12-18
11076,1963-05-15,Youssef,Schaad,M,1992-10-09
10952,1958-08-26,Inderjeet,Bharadwaj,M,1986-07-22
10336,1961-07-16,Goa,Rothe,F,1992-01-07
10675,1960-03-26,Ymte,Waschkowski,F,1991-11-05
10858,1952-10-01,Kenroku,Gonthier,M,1996-08-15
11144,1954-12-07,Carrsten,Heinisuo,M,1993-11-18
11077,1953-01-28,Hideyuki,Merro,F,1995-10-10
11046,1961-01-17,Jixiang,Verhaegen,F,1994-01-21
11387,1954-07-18,Jordanka,Kalloufi,M,1997-05-11
10067,1953-01-07,Claudi,Stavenow,M,1987-03-04
10556,1962-12-31,JoAnna,Taubman,F,1992-04-15
10013,1963-06-07,Eberhardt,Terkki,M,1985-10-20
11404,1954-09-15,Bedrich,Borovoy,M,1987-03-06
10411,1956-07-10,Lidong,Klerer,F,1989-09-02
11160,1956-08-05,Anwar,Nivat,F,1987-05-07
11236,1963-01-27,Marek,Orlowska,M,1994-03-24
10467,1956-01-30,Dipayan,Suomi,F,1988-07-14
10291,1965-01-23,Dipayan,Seghrouchni,M,1986-09-29
10192,1960-09-16,Mohua,Falck,M,1988-06-13
10503,1952-05-17,Dannz,Pell,M,1991-04-30
11634,1961-02-19,Turgut,Fraisse,M,1994-08-25
10823,1956-06-13,Arfst,Mikschl,X,1995-01-02
11180,1952-11-07,Mitsuyuki,Bojadziev,F,1986-06-11
11219,1956-05-20,Youpyo,Heuter,M,1991-01-08
11419,1957-07-19,Leaf,Terkki&,M,1996-04-13
10347,1953-10-03,Pradeep,Kaminger,M,1985-12-12
11257,1958-06-19,Weidon,Pews,F,1986-12-12
11107,1958-06-19,Martijn,Meriste,F,1998-05-02
10451,1952-10-06,Bodh,Ranta,F,1988-03-12
11123,1956-10-21,Herb,Cooley,F,1988-03-28
10516,1960-02-20,Xiadong,Luga,M,1985-10-19
10475,1956-12-19,Mario,Rodite,M,1987-01-19
10313,1962-05-30,Subbu,Riexinger,M,1994-10-10
11317,1954-07-24,Shigeaki,Hagimont,X,1989-12-21
11630,1960-03-21,Heekeun,Ballarin,M,1996-12-15
11914,1957-04-28,Kristina,Lovengreen,M,1988-06-02
10863,1962-08-05,Byong,Bhattacharjee,X,1985-12-25
10739,1961-02-11,Gor,Iacovou,F,1985-03-12
11087,1954-05-17,Changho,Jayawardene,M,1994-10-10
11439,1957-09-29,Fei,Wendorf,M,1995-07-27
11552,1956-03-11,Tommaso,Ferretti,M,1989-11-01
11941,1960-09-01,Gaurav,Cyre,X,1986-01-31
10254,1959-12-07,Shen,Brattka,M,1990-06-14
10458,1961-01-06,Gina.Engelmann,F,1988-07-23
10872,1952-02-21,Karoline,Speel,F,1990-09-06
11922,1958-11-02,Marco,Chachaty,M,1985-11-01
10414,1954-04-09,Yinlin,Alpin,X,1990-05-30
11147,1955-09-26,Ayonca,Nitsch,M,1992-01-28
10041,1959-08-27,Uri,Lenart,F,1989-11-12
10604,1957-04-24,Susanna,Brizzi,M,1990-04-07
11856,1962-12-18,Gao,Alpin,X,1989-01-14
10134,1953-04-15,Diederik,Siprelle,M,1987-12-12
11628,1952-02-14,Fan,Malinowski,M,1988-10-23
11306,1956-11-01,Subhankar,Reeken,X,1996-11-20
10160,1953-10-18,Debatosh,Khasidashvili,M,1989-01-30
11556,1960-10-20,Masasuke,Hashii,M,1989-06-02
11109,1964-11-05,Chinho,Stamatiou,M,1985-03-29
10296,1964-05-13,Petter,Lorho,M,1989-09-16
11817,1955-05-25,Niranjan,Markovitch,M,1986-04-12
10322,1954-05-28,Isamu,Dahlbom,F,1990-01-29
10016,1961-05-02,Kazuhito,Cappelletti,M,1995-01-27
10521,1957-07-31,Kwangsub,Setia,M,1989-05-11
11798,1964-08-14,Kwan,Quaggetto,M,1987-12-10
10684,1956-01-23,Aimee,Tokunaga,F,1999-10-28
11831,1963-10-23,Udaiprakash,Billingsley,M,1993-07-18
11786,1963-11-12,Sarita,Birch,M,1995-04-14
11752,1964-11-11,Bingning,Etalle,M,1992-11-10
10920,1955-04-08,Ronghao,Narahara,M,1991-07-09
10485,1961-09-20,Teruyuki,Sundgren,M,1985-10-27
10206,1960-09-19,Alassane,Iwayama,F,1988-04-19
10921,1955-07-20,Mara,Bahi,F,1986-07-27
10295,1953-01-13,Kristine,Velardi,-,1990-08-27
11397,1963-09-01,Fumiya,Kisuki,F,1992-12-12
11193,1964-08-13,Val,Kumaresan,M,1989-04-29
11377,1960-01-26,Dayanand,Rosti,F,1991-10-18
11066,1954-11-06,Shaz,Langford,M,1995-10-04
11705,1954-11-26,Arve,Hofmeyr,M,1985-10-30
11154,1957-12-18,Adel,Ratnaker,F,1989-07-30
11606,1952-11-05,Perry,Pepe,M,1994-01-07
11745,1964-07-03,Janche,Bahi,F,1988-08-01
10727,1959-06-16,Saeed,Kitai,F,1991-01-08
11190,1960-09-26,Saeko,Mellouli,M,1992-03-06
10208,1960-01-02,Xiping,Klerer,M,1991-12-23
10635,1960-10-29,Toney,Angiulli,F,1991-09-22
11761,1964-07-17,Bartek,Aamodt,M,1991-06-12
11596,1952-12-22,Yannik,Gunderson,F,1993-11-21
10609,1956-10-02,Janche,Zhang,M,1994-12-03
11719,1960-04-25,Claudi,Baez,M,1985-05-21
10381,1963-03-04,Jiong,Parfitt,M,1991-12-04
10113,1963-11-13,Jaewon,Syrzycki,M,1989-12-24
11544,1964-09-05,Elzbieta,Thimonier,F,1993-03-02
11726,1960-04-18,Eldridge,Reghbati,M,1990-05-29
11091,1952-10-10,Souichi,Ramsay,X,1992-01-21
10098,1961-09-23,Sreekrishna,Servieres,F,1985-05-13
10405,1957-01-20,Hilary,Budinsky,F,1985-11-04
10047,1952-06-29,Zvonko,Nyanchama,M,1989-03-31
11019,1954-09-06,Leon,Huttel,M,1985-02-04
11953,1962-09-23,Moheb,Baar,M,1987-05-17
10045,1957-08-14,Moss,Shanbhogue,M,1989-09-02
11522,1957-05-24,Yishay,Peris,M,1991-10-26
10732,1962-04-22,Morris,Andreotta,F,1991-03-10
11683,1956-05-14,Mayumi,Chartres,F,1990-02-11
11637,1960-05-09,Sangeeta,Melton,M,1987-04-15
11703,1958-03-15,Xuedong,Chiodo,M,1989-07-23
10719,1959-09-26,Guenter,Karunanithi,F,1995-09-05
11310,1961-02-01,Jianhua,Swab,M,1991-11-24
10439,1958-04-09,Jolita,Jarecki,M,1990-01-11
10265,1960-12-01,Ramalingam,Muniz,M,1989-07-13
11997,1954-06-19,Heon,Mawatari,F,1995-11-03
11169,1956-06-02,Moss,Serra,M,1987-02-22
10957,1961-06-06,Duke,Schnabel,M,1988-01-23
10481,1959-10-18,Yongmao,Pintelas,F,1988-10-06
10728,1958-11-17,Ugo,Maliniak,F,1989-12-09
10990,1954-10-22,Shin,Foote,M,1988-07-06
10890,1963-04-13,Ramzi,Furudate,M,1988-04-21
11430,1957-01-23,Georgi,Klassen,M,1996-02-27
11353,1960-01-30,Utpal,Berztiss,M,1986-08-25
10860,1961-11-05,Gino,Werthner,M,1992-03-11
11819,1958-12-14,Shigeo,Lampe,F,1987-07-07
11946,1959-01-21,Charlene,Maraist,F,1992-05-29
11015,1965-01-24,Jeanna,Riesenhuber,M,1992-05-29
11641,1955-10-13,Chikako,Rothenberg,M,1990-07-01
11581,1953-04-12,Patricio,Rosenbaum,F,1992-11-13
11001,1956-04-16,Baziley,Buchter,F,1987-02-23
10385,1963-05-14,Khatoun,Imataki,M,1992-12-20
10002,1964-06-02,Bezalel,Simmel,F,1985-11-21
11531,1952-09-08,Radhika,Motley,M,1990-02-27
11996,1957-01-25,Ayakannu,Junot,M,1994-01-21
10049,1961-04-24,Basil,Tramer,F,1992-05-04
11422,1956-06-03,Thanasis,Ghalwash,F,1990-12-04
11924,1963-03-19,Hirochika,Worfolk,M,1991-06-17
10058,1954-10-01,Berhard,McFarlin,M,1987-04-13
11788,1962-04-11,Georgy,Gopalakrishnan,M,1986-10-03
11167,1957-01-04,Morris,Zschoche,F,1989-05-07
10944,1952-05-25,Remko,Zyda,M,1991-05-24
10370,1957-08-03,Clyde,Fandrianto,M,1992-04-04
11009,1954-08-30,Alper,Axelband,F,1986-09-09
10546,1957-12-20,Nechama,Schapiro,M,1987-09-06
10557,1957-08-23,Sashi,Karlin,M,1986-03-31
10859,1961-10-16,King,Bernini,F,1993-01-03
11575,1955-02-22,Godehard,Plotkin,F,1991-12-19
11951,1955-05-08,Bernt,Haumacher,M,1989-10-14
10056,1961-09-01,Brendon,Bernini,F,1990-02-01
10135,1956-12-23,Nathan,Monkewich,M,1988-02-19
10937,1964-09-11,Anyuan,Nanard,M,1987-08-29
11842,1954-03-31,Moto,Pi4zza,M,1991-12-11
10231,1963-07-21,Shaowen,Desikan,F,1996-04-13
11780,1963-05-04,Sugwoo,Sewelson,M,1987-09-11
11629,1963-12-05,Miquel,Muhlberg,M,1988-03-05
10986,1954-08-11,Masako,Schiper,M,1985-10-11
10692,1960-08-11,Larisa,Bage,M,1993-03-22
10799,1957-11-21,Gad,Griswold,F,1988-06-06
11048,1952-10-26,Jaques,Demke,M,1985-02-26
10032,1960-08-09,Jeong,Reistad,F,1990-06-20
11039,1961-12-04,Raimond,Pintelas,F,1993-07-10
10924,1954-04-27,Hironoby,Atchley,F,1988-08-14
10800,1961-12-15,Yuchang,Matzke,M,1993-05-20
11510,1957-11-12,Masamitsu,Wursthorn,M,1996-07-28
11913,1963-09-07,Gil,Pokrovskii,M,1985-08-17
10564,1955-04-14,Jianhao,Thisen,M,1986-05-08
11812,1956-10-13,Taizo,Merey,M,1987-09-30
10249,1954-06-10,Marie,Boreale,M,1991-12-08
11967,1959-06-21,Guoxiang,Chinin,M,1989-10-28
11696,1954-10-26,Dante,Rothe,M,1985-10-23
10402,1953-07-23,Volkmar,Ebeling,M,1987-01-02
11505,1963-11-15,Shietung,Billingsley,M,1988-12-22
11343,1954-09-10,Susanne,Erez,M,1989-02-27
11268,1954-05-14,Aimee,Petersohn,F,1985-05-17
11560,1957-01-22,Terresa,Birta,X,1989-02-07
11673,1954-12-20,Henk,Felder,F,1988-10-13
11678,1957-03-27,Zhaofang,Bernick,M,1985-02-24
11256,1960-06-06,Gudjon,Ratzlaff,M,1986-09-25
10536,1964-10-29,Yechiam,Sambasivam,F,1988-03-25
10457,1963-11-10,Oddvar,Schlenzig,M,1991-11-23
11518,1953-07-21,Jinxi,Oxman,M,1985-07-03
10035,1953-02-08,Alain,Chappelet,M,1988-09-05
11029,1962-07-12,Georgi,Itzfeldt,X,1992-12-27
11961,1957-10-01,Sumant,Birdsall,F,1997-06-26
10878,1952-06-13,Lakshmi,Deville,X,1988-02-25
10279,1964-08-20,Barton,Jumpertz,F,1994-12-20
10655,1959-02-02,Remko,Dalton,F,1985-07-14
10593,1952-07-24,Falguni,Kenevan,M,1990-09-12
11326,1952-09-15,Munenori,Plesums,F,1990-02-19
10612,1959-01-01,Gil,Peroz,M,1991-09-02
11612,1962-01-15,Siamak,Baar,F,1990-12-10
11533,1953-10-30,Vitaly,Lorch,M,1991-08-20
11712,1961-07-17,Mohua,Lyonns,M,1992-11-06
11792,1959-10-27,Gina,Aumann,X,1987-05-29
10790,1962-04-01,Yurij,Schonegge,M,1990-07-03
10665,1964-07-28,Qingxiang,Snyers,M,1988-01-23
11855,1960-07-15,Hilari,Janetzko,F,1991-12-24
10242,1964-02-22,Lunjin,Ozeri,M,1988-01-18
10416,1956-05-26,Uli,Keustermans,M,1989-03-24
10786,1964-05-19,Patricia,dAstous,M,1989-03-14
10362,1963-09-16,Shalesh,dAstous,M,1988-08-24
10081,1960-12-17,Zhongwei,Rosen,M,1986-10-30
11604,1962-07-11,Deborah,Baar,M,1990-12-11
10212,1959-05-09,Divier,Esteva,M,1990-07-11
10802,1960-10-27,Masato,Setlzner,M,1985-08-24
10335,1963-03-13,Toshimori,Bahi,F,1992-04-06
11120,1961-12-15,Masato,Curless,F,1988-01-22
11876,1954-09-17,Leszek,Kobuchi,M,1991-06-08
11578,1953-12-22,Edwin,Rosti,F,1985-11-22
10496,1959-04-18,Gretta,Baig,M,1987-02-26
11821,1954-10-18,Mary,Piazza,F,1995-12-13
10682,1956-07-04,Bedir,Haumacher,M,1990-11-09
11965,1954-12-03,Arup,Morrey,M,1990-03-20
11341,1962-07-13,Heng,Ranka,M,1989-03-22
10425,1963-10-24,Sashi,Osgood,M,1991-10-29
10529,1952-11-21,Ymte,Yetto,M,1992-01-05
11538,1958-09-29,Dekang,Bage,X,1987-03-24
10513,1959-07-07,Yuichiro,Schicker,F,1991-04-02
10644,1962-02-22,Pranas,Benaini,M,1985-05-29
11291,1953-11-01,Gino,Glowinski,M,1985-10-20
11587,1954-07-04,Shem,Zambonelli,M,1989-04-24
10330,1957-02-02,Kasturi,Bellmore,M,1985-06-12
11222,1956-09-01,Yishai,Neimat,M,1988-11-11
10459,1959-09-30,Ennio,Trogemann,M,1997-06-28
11790,1960-06-12,Huai,Henseler,F,1988-03-09
11647,1953-10-13,Magy,Nitsche,M,1988-05-11
11033,1957-03-01,Shushma,Bahk,F,1990-10-02
11737,1952-07-17,Martina,Garnier,M,1995-07-11
10929,1958-10-26,Sumali,Arlazarov,M,1991-04-15
11082,1962-07-26,Deniz,Fontan,M,1992-12-01
10787,1958-07-10,Shiv,Neimat,X,1991-04-16
11964,1962-01-07,Tzu,Norsworthy,F,1994-09-25
10406,1956-09-21,Sigeru,Wynblatt,F,1987-03-11
11411,1962-04-06,Shigehito,Giaccio,F,1992-05-17
11071,1954-07-18,Kwan,Sigstam,F,1992-05-23
10202,1956-01-05,Greger,Lichtner,M,1991-10-06
10287,1963-11-28,Marie,Pietracaprina,M,1992-12-28
10980,1963-11-10,Filipp,Munawer,G,1989-01-04
11308,1958-02-23,Tadahiro,Tibblin,F,1986-08-07
11200,1964-06-05,Renny,Junet,F,1988-06-28
10121,1962-07-14,Guoxiang,Ramsay,M,1989-05-03
11566,1964-10-07,Martina,Quittner,M,1989-04-08
11038,1955-10-13,Jinya,Beidas,M,1985-07-15
10350,1954-11-14,Kristen,Kavvadias,F,1990-08-19
11735,1955-02-19,Amalendu,Picci,M,1988-07-14
11031,1954-12-20,Ottavia,Walstra,M,1985-04-26
11937,1961-12-30,Zissis,Baba,M,1996-04-19
11920,1960-01-15,Kasturi,Chinal,F,1985-12-24
11987,1954-12-29,Vidya,Schaar,F,1988-10-17
11489,1962-11-12,Sandeepan,Yeung,M,1988-01-13
11277,1961-09-17,Munehiro,Ritcey,M,1990-01-18
11517,1961-05-27,Hatem,Raczkowsky,F,1986-10-09
11917,1955-03-26,Jiakeng,VanScheik,F,1995-09-10
10685,1959-01-14,Zongyan,Cusworth,M,1990-04-24
10531,1954-06-11,Oguz,Gimbel,F,1991-02-20
11943,1957-06-17,Ramalingam,Chachaty,F,1992-01-26
11267,1955-10-18,Shaunak,Zaumen,M,1989-06-14
10914,1956-04-26,Mizuhito,Prochazka,M,1998-03-24
10130,1955-04-27,Nishit,Casperson,M,1988-06-21
10088,1954-02-25,Jungsoon,Syrzycki,F,1988-09-02
11650,1959-11-16,Arra,Luiz,M,1994-01-13
10298,1954-07-06,Dietrich,DuCasse,F,1999-03-30
11334,1961-08-13,Yurij,Vural,M,1986-10-12
10392,1962-02-17,Jiann,Hainaut,M,1992-03-01
11184,1958-04-01,Masoud,Theuretzbacher,M,1985-04-27
11704,1964-11-09,Naftali,Baalen,M,1992-02-27
11640,1953-10-06,Valeri,Coorg,M,1987-01-18
11832,1952-05-18,Arto,Zlotek,M,1986-10-16
10196,1954-01-27,Marc,Hellwagner,M,1994-11-16
11246,1964-11-16,Maik,Reinhart,M,1992-01-14
11008,1962-07-11,Gennady,Menhoudj,M,1988-09-18
10730,1962-07-22,Mohit,Janetzko,X,1988-11-24
10846,1952-06-27,Tokuyasu,Serre,M,1994-01-26
10673,1959-12-26,Hyuckchul,Casperson,M,1990-03-01
11847,1954-03-05,Tzvetan,Brandsma,F,1996-01-13
11368,1959-07-31,Gino,Bail,M,1992-01-06
10233,1954-04-01,Lein,Vendrig,F,1985-07-05
10629,1954-03-23,Lalit,Francisci,F,1986-01-30
10759,1956-04-12,JiYoung,Chenney,M,1991-12-04